date,cam,count
2017-06-27,163,203
2017-06-27,165,144
2017-06-27,166,53
2017-06-27,168,613
2017-06-27,169,621
2017-06-27,170,1038
2017-06-27,171,424
2017-06-27,172,596
2017-06-27,173,392
2017-06-27,175,177
2017-06-27,176,55
2017-06-27,179,676
2017-06-27,180,525
2017-06-27,181,1710
2017-06-27,182,45
2017-06-27,187,306
2017-06-27,192,27
2017-06-27,211,26
2017-06-27,253,46
2017-06-27,287,54
2017-06-27,292,115
2017-06-27,326,116
2017-06-27,330,110
2017-06-27,338,253
2017-06-27,339,164
2017-06-27,347,399
2017-06-27,351,272
2017-06-27,361,209
2017-06-27,398,403
2017-06-27,399,119
2017-06-27,400,151
2017-06-27,403,248
2017-06-27,404,158
2017-06-27,406,259
2017-06-27,407,169
2017-06-27,409,272
2017-06-27,410,93
2017-06-27,412,179
2017-06-27,413,363
2017-06-27,414,374
2017-06-27,415,387
2017-06-27,416,251
2017-06-27,419,107
2017-06-27,420,151
2017-06-27,421,447
2017-06-27,426,58
2017-06-27,427,57
2017-06-27,430,184
2017-06-27,432,108
2017-06-27,433,152
2017-06-27,445,299
2017-06-27,446,85
2017-06-27,452,182
2017-06-27,459,126
2017-06-27,472,221
2017-06-27,473,146
2017-06-27,474,45
2017-06-27,475,1059
2017-06-27,489,468
2017-06-27,495,447
2017-06-27,500,558
2017-06-27,501,830
2017-06-27,502,268
2017-06-27,503,385
2017-06-27,504,478
2017-06-27,506,334
2017-06-27,507,116
2017-06-27,508,307
2017-06-27,509,578
2017-06-27,510,208
2017-06-27,511,426
2017-06-27,517,172
2017-06-27,519,173
2017-06-27,523,412
2017-06-27,528,289
2017-06-27,531,300
2017-06-27,535,499
2017-06-27,542,501
2017-06-27,544,119
2017-06-27,545,208
2017-06-27,547,132
2017-06-27,548,187
2017-06-27,550,89
2017-06-27,551,163
2017-06-27,552,146
2017-06-27,715,123
2017-06-27,716,211
2017-06-27,717,600
2017-06-27,722,589
2017-06-27,725,351
2017-06-27,789,443
2017-06-27,790,123
2017-06-27,791,67
2017-06-27,794,145
2017-06-27,827,268
2017-06-27,828,141
2017-06-27,838,352
2017-06-27,845,275
2017-06-27,846,438
2017-06-27,869,136
2017-06-27,891,655
2017-06-27,893,15
2017-06-27,899,2528
2017-06-27,928,116
2017-06-27,985,210
2017-06-27,988,111
2017-06-27,1028,291
2017-06-28,163,4996
2017-06-28,165,1441
2017-06-28,166,324
2017-06-28,168,4871
2017-06-28,169,5466
2017-06-28,170,8216
2017-06-28,171,6325
2017-06-28,172,3364
2017-06-28,173,3486
2017-06-28,175,3385
2017-06-28,176,1282
2017-06-28,179,4623
2017-06-28,180,6227
2017-06-28,181,7788
2017-06-28,182,406
2017-06-28,187,4589
2017-06-28,192,391
2017-06-28,211,201
2017-06-28,253,467
2017-06-28,287,1215
2017-06-28,292,407
2017-06-28,326,1306
2017-06-28,330,2213
2017-06-28,338,2375
2017-06-28,339,2135
2017-06-28,347,6177
2017-06-28,351,3868
2017-06-28,361,2958
2017-06-28,398,4926
2017-06-28,399,1136
2017-06-28,400,1961
2017-06-28,403,2325
2017-06-28,404,2197
2017-06-28,406,3415
2017-06-28,407,1716
2017-06-28,409,4141
2017-06-28,410,1215
2017-06-28,412,1967
2017-06-28,413,3217
2017-06-28,414,2806
2017-06-28,415,4193
2017-06-28,416,1359
2017-06-28,419,1671
2017-06-28,420,2581
2017-06-28,421,3378
2017-06-28,426,790
2017-06-28,427,1090
2017-06-28,430,1194
2017-06-28,432,2578
2017-06-28,433,2456
2017-06-28,445,4648
2017-06-28,446,654
2017-06-28,452,2522
2017-06-28,459,1930
2017-06-28,472,1098
2017-06-28,473,1500
2017-06-28,474,433
2017-06-28,475,6223
2017-06-28,489,6343
2017-06-28,495,3101
2017-06-28,500,5018
2017-06-28,501,6853
2017-06-28,502,1689
2017-06-28,503,3118
2017-06-28,504,4666
2017-06-28,506,3933
2017-06-28,507,1281
2017-06-28,508,2454
2017-06-28,509,4710
2017-06-28,510,2635
2017-06-28,511,4166
2017-06-28,517,1553
2017-06-28,519,1852
2017-06-28,523,3578
2017-06-28,528,4485
2017-06-28,531,3171
2017-06-28,535,4042
2017-06-28,542,4224
2017-06-28,544,795
2017-06-28,545,1423
2017-06-28,547,596
2017-06-28,548,1024
2017-06-28,550,2033
2017-06-28,551,1908
2017-06-28,552,1708
2017-06-28,715,320
2017-06-28,716,2363
2017-06-28,717,3133
2017-06-28,722,4776
2017-06-28,725,2376
2017-06-28,789,3514
2017-06-28,790,1200
2017-06-28,791,1081
2017-06-28,794,1001
2017-06-28,827,1640
2017-06-28,828,1388
2017-06-28,838,3712
2017-06-28,845,1961
2017-06-28,846,2940
2017-06-28,869,1910
2017-06-28,891,5216
2017-06-28,893,144
2017-06-28,899,11665
2017-06-28,928,1017
2017-06-28,985,3908
2017-06-28,988,839
2017-06-28,1028,2233
2017-06-29,163,5362
2017-06-29,165,1469
2017-06-29,166,318
2017-06-29,168,5040
2017-06-29,169,5969
2017-06-29,170,8895
2017-06-29,171,6442
2017-06-29,172,1081
2017-06-29,173,3708
2017-06-29,175,3472
2017-06-29,176,1419
2017-06-29,179,5027
2017-06-29,180,6618
2017-06-29,181,0
2017-06-29,182,415
2017-06-29,187,4586
2017-06-29,192,441
2017-06-29,211,339
2017-06-29,253,361
2017-06-29,287,923
2017-06-29,292,563
2017-06-29,326,1429
2017-06-29,330,2355
2017-06-29,338,2462
2017-06-29,339,2346
2017-06-29,347,6476
2017-06-29,351,4378
2017-06-29,361,2908
2017-06-29,398,5032
2017-06-29,399,1261
2017-06-29,400,2185
2017-06-29,403,2377
2017-06-29,404,2356
2017-06-29,406,3792
2017-06-29,407,2046
2017-06-29,409,4479
2017-06-29,410,1388
2017-06-29,412,1942
2017-06-29,413,3460
2017-06-29,414,3033
2017-06-29,415,4509
2017-06-29,416,1687
2017-06-29,419,1497
2017-06-29,420,2802
2017-06-29,421,3438
2017-06-29,426,828
2017-06-29,427,763
2017-06-29,430,1292
2017-06-29,432,2864
2017-06-29,433,2315
2017-06-29,445,5056
2017-06-29,446,680
2017-06-29,452,2878
2017-06-29,459,1993
2017-06-29,472,1188
2017-06-29,473,1613
2017-06-29,474,1014
2017-06-29,475,0
2017-06-29,489,6407
2017-06-29,495,3192
2017-06-29,500,5390
2017-06-29,501,7146
2017-06-29,502,1695
2017-06-29,503,3101
2017-06-29,504,4921
2017-06-29,506,4124
2017-06-29,507,1015
2017-06-29,508,2697
2017-06-29,509,5161
2017-06-29,510,2752
2017-06-29,511,4362
2017-06-29,517,1694
2017-06-29,519,1782
2017-06-29,523,3830
2017-06-29,528,4895
2017-06-29,531,3313
2017-06-29,535,8097
2017-06-29,542,4175
2017-06-29,544,923
2017-06-29,545,1728
2017-06-29,547,810
2017-06-29,548,978
2017-06-29,550,2245
2017-06-29,551,2151
2017-06-29,552,1643
2017-06-29,715,334
2017-06-29,716,2955
2017-06-29,717,3293
2017-06-29,722,4855
2017-06-29,725,2495
2017-06-29,789,3727
2017-06-29,790,757
2017-06-29,791,1217
2017-06-29,794,1086
2017-06-29,827,1638
2017-06-29,828,1680
2017-06-29,838,4193
2017-06-29,845,1992
2017-06-29,846,3039
2017-06-29,869,1979
2017-06-29,891,5513
2017-06-29,893,53
2017-06-29,899,11714
2017-06-29,928,1167
2017-06-29,985,4168
2017-06-29,988,990
2017-06-29,1028,2520
2017-06-30,163,5499
2017-06-30,165,1437
2017-06-30,166,389
2017-06-30,168,4999
2017-06-30,169,5969
2017-06-30,170,11565
2017-06-30,171,6653
2017-06-30,172,1224
2017-06-30,173,4002
2017-06-30,175,2172
2017-06-30,176,1251
2017-06-30,179,4846
2017-06-30,180,6889
2017-06-30,181,9225
2017-06-30,182,485
2017-06-30,187,3020
2017-06-30,192,450
2017-06-30,211,357
2017-06-30,253,414
2017-06-30,287,2399
2017-06-30,292,535
2017-06-30,326,1353
2017-06-30,330,2127
2017-06-30,338,2197
2017-06-30,339,2058
2017-06-30,347,6582
2017-06-30,351,4251
2017-06-30,361,2985
2017-06-30,398,5288
2017-06-30,399,891
2017-06-30,400,2427
2017-06-30,403,2499
2017-06-30,404,2482
2017-06-30,406,3435
2017-06-30,407,1609
2017-06-30,409,4505
2017-06-30,410,1270
2017-06-30,412,1867
2017-06-30,413,3158
2017-06-30,414,3034
2017-06-30,415,4709
2017-06-30,416,1682
2017-06-30,419,1586
2017-06-30,420,2769
2017-06-30,421,3424
2017-06-30,426,802
2017-06-30,427,797
2017-06-30,430,1067
2017-06-30,432,2720
2017-06-30,433,2368
2017-06-30,445,4572
2017-06-30,446,644
2017-06-30,452,2919
2017-06-30,459,1963
2017-06-30,472,1211
2017-06-30,473,1454
2017-06-30,474,376
2017-06-30,475,6458
2017-06-30,489,6631
2017-06-30,495,3210
2017-06-30,500,5788
2017-06-30,501,7028
2017-06-30,502,1855
2017-06-30,503,3469
2017-06-30,504,4684
2017-06-30,506,4614
2017-06-30,507,921
2017-06-30,508,2823
2017-06-30,509,5207
2017-06-30,510,2834
2017-06-30,511,4575
2017-06-30,517,1775
2017-06-30,519,1975
2017-06-30,523,3739
2017-06-30,528,4515
2017-06-30,531,3052
2017-06-30,535,9318
2017-06-30,542,4249
2017-06-30,544,965
2017-06-30,545,1578
2017-06-30,547,754
2017-06-30,548,1010
2017-06-30,550,2421
2017-06-30,551,2092
2017-06-30,552,1472
2017-06-30,715,399
2017-06-30,716,2605
2017-06-30,717,3388
2017-06-30,722,5049
2017-06-30,725,2564
2017-06-30,789,3924
2017-06-30,790,918
2017-06-30,791,1127
2017-06-30,794,1021
2017-06-30,827,1583
2017-06-30,828,1657
2017-06-30,838,4558
2017-06-30,845,2221
2017-06-30,846,3221
2017-06-30,869,1947
2017-06-30,891,5538
2017-06-30,893,24
2017-06-30,899,14394
2017-06-30,928,1141
2017-06-30,985,4389
2017-06-30,988,1120
2017-06-30,1028,2618
2017-07-01,163,4295
2017-07-01,165,871
2017-07-01,166,377
2017-07-01,168,3974
2017-07-01,169,4417
2017-07-01,170,6970
2017-07-01,171,4443
2017-07-01,172,1583
2017-07-01,173,2392
2017-07-01,175,1353
2017-07-01,176,855
2017-07-01,179,3631
2017-07-01,180,4438
2017-07-01,181,10692
2017-07-01,182,344
2017-07-01,187,2667
2017-07-01,192,311
2017-07-01,211,335
2017-07-01,253,328
2017-07-01,287,2197
2017-07-01,292,339
2017-07-01,326,1456
2017-07-01,330,1106
2017-07-01,338,1200
2017-07-01,339,874
2017-07-01,347,4493
2017-07-01,351,2847
2017-07-01,361,1346
2017-07-01,398,2552
2017-07-01,399,747
2017-07-01,400,1837
2017-07-01,403,1822
2017-07-01,404,1974
2017-07-01,406,1659
2017-07-01,407,947
2017-07-01,409,3730
2017-07-01,410,891
2017-07-01,412,1335
2017-07-01,413,1984
2017-07-01,414,2351
2017-07-01,415,3601
2017-07-01,416,1432
2017-07-01,419,1036
2017-07-01,420,1925
2017-07-01,421,2926
2017-07-01,426,556
2017-07-01,427,1135
2017-07-01,430,815
2017-07-01,432,1026
2017-07-01,433,1781
2017-07-01,445,1647
2017-07-01,446,532
2017-07-01,452,3127
2017-07-01,459,1646
2017-07-01,472,974
2017-07-01,473,1612
2017-07-01,474,168
2017-07-01,475,7499
2017-07-01,489,4417
2017-07-01,495,2545
2017-07-01,500,4438
2017-07-01,501,5854
2017-07-01,502,1615
2017-07-01,503,2584
2017-07-01,504,3291
2017-07-01,506,3501
2017-07-01,507,709
2017-07-01,508,2282
2017-07-01,509,3884
2017-07-01,510,1899
2017-07-01,511,3225
2017-07-01,517,1440
2017-07-01,519,1958
2017-07-01,523,2651
2017-07-01,528,2412
2017-07-01,531,1791
2017-07-01,535,7262
2017-07-01,542,3229
2017-07-01,544,920
2017-07-01,545,1572
2017-07-01,547,694
2017-07-01,548,910
2017-07-01,550,738
2017-07-01,551,993
2017-07-01,552,1341
2017-07-01,715,359
2017-07-01,716,812
2017-07-01,717,2582
2017-07-01,722,4244
2017-07-01,725,1402
2017-07-01,789,2967
2017-07-01,790,693
2017-07-01,791,1088
2017-07-01,794,631
2017-07-01,827,1187
2017-07-01,828,1416
2017-07-01,838,3943
2017-07-01,845,1961
2017-07-01,846,2387
2017-07-01,869,1672
2017-07-01,891,4481
2017-07-01,893,13
2017-07-01,899,11822
2017-07-01,928,782
2017-07-01,985,3081
2017-07-01,988,841
2017-07-01,1028,2196
2017-07-02,163,4377
2017-07-02,165,1006
2017-07-02,166,241
2017-07-02,168,3689
2017-07-02,169,4274
2017-07-02,170,7563
2017-07-02,171,4499
2017-07-02,172,1216
2017-07-02,173,2105
2017-07-02,175,3408
2017-07-02,176,618
2017-07-02,179,4165
2017-07-02,180,4634
2017-07-02,181,6985
2017-07-02,182,310
2017-07-02,187,1611
2017-07-02,192,1458
2017-07-02,211,164
2017-07-02,253,424
2017-07-02,287,2324
2017-07-02,292,396
2017-07-02,326,968
2017-07-02,330,1285
2017-07-02,338,1244
2017-07-02,339,889
2017-07-02,347,4463
2017-07-02,351,2541
2017-07-02,361,1346
2017-07-02,398,2327
2017-07-02,399,584
2017-07-02,400,1025
2017-07-02,403,1473
2017-07-02,404,1678
2017-07-02,406,1428
2017-07-02,407,1050
2017-07-02,409,3574
2017-07-02,410,558
2017-07-02,412,1338
2017-07-02,413,1912
2017-07-02,414,2228
2017-07-02,415,2870
2017-07-02,416,1818
2017-07-02,419,1036
2017-07-02,420,2740
2017-07-02,421,2775
2017-07-02,426,644
2017-07-02,427,1331
2017-07-02,430,1022
2017-07-02,432,905
2017-07-02,433,1756
2017-07-02,445,1720
2017-07-02,446,795
2017-07-02,452,3513
2017-07-02,459,2469
2017-07-02,472,865
2017-07-02,473,1550
2017-07-02,474,220
2017-07-02,475,6410
2017-07-02,489,4409
2017-07-02,495,1914
2017-07-02,500,3927
2017-07-02,501,5658
2017-07-02,502,1172
2017-07-02,503,2540
2017-07-02,504,3358
2017-07-02,506,3449
2017-07-02,507,841
2017-07-02,508,2084
2017-07-02,509,2117
2017-07-02,510,1471
2017-07-02,511,1602
2017-07-02,517,1314
2017-07-02,519,2023
2017-07-02,523,5207
2017-07-02,528,1822
2017-07-02,531,1493
2017-07-02,535,6481
2017-07-02,542,2390
2017-07-02,544,1307
2017-07-02,545,1552
2017-07-02,547,392
2017-07-02,548,993
2017-07-02,550,620
2017-07-02,551,826
2017-07-02,552,1067
2017-07-02,715,369
2017-07-02,716,732
2017-07-02,717,2366
2017-07-02,722,3660
2017-07-02,725,1312
2017-07-02,789,2847
2017-07-02,790,637
2017-07-02,791,884
2017-07-02,794,915
2017-07-02,827,1125
2017-07-02,828,1078
2017-07-02,838,3582
2017-07-02,845,1519
2017-07-02,846,2142
2017-07-02,869,2498
2017-07-02,891,3302
2017-07-02,893,157
2017-07-02,899,12744
2017-07-02,928,714
2017-07-02,985,3441
2017-07-02,988,1073
2017-07-02,1028,2130
2017-07-03,163,5130
2017-07-03,165,1322
2017-07-03,166,298
2017-07-03,168,4585
2017-07-03,169,4513
2017-07-03,170,9381
2017-07-03,171,5046
2017-07-03,172,1368
2017-07-03,173,2713
2017-07-03,175,3889
2017-07-03,176,1087
2017-07-03,179,4441
2017-07-03,180,5274
2017-07-03,181,7916
2017-07-03,182,349
2017-07-03,187,3243
2017-07-03,192,2546
2017-07-03,211,266
2017-07-03,253,563
2017-07-03,287,2729
2017-07-03,292,514
2017-07-03,326,969
2017-07-03,330,2020
2017-07-03,338,1807
2017-07-03,339,1404
2017-07-03,347,4939
2017-07-03,351,3639
2017-07-03,361,2610
2017-07-03,398,3940
2017-07-03,399,825
2017-07-03,400,854
2017-07-03,403,1991
2017-07-03,404,2090
2017-07-03,406,2354
2017-07-03,407,1145
2017-07-03,409,4057
2017-07-03,410,1171
2017-07-03,412,1510
2017-07-03,413,2526
2017-07-03,414,2644
2017-07-03,415,2920
2017-07-03,416,1690
2017-07-03,419,1569
2017-07-03,420,3222
2017-07-03,421,3560
2017-07-03,426,798
2017-07-03,427,1534
2017-07-03,430,1034
2017-07-03,432,2222
2017-07-03,433,2161
2017-07-03,445,3059
2017-07-03,446,189
2017-07-03,452,24
2017-07-03,459,2152
2017-07-03,472,1098
2017-07-03,473,1375
2017-07-03,474,271
2017-07-03,475,7487
2017-07-03,489,4964
2017-07-03,495,2620
2017-07-03,500,4359
2017-07-03,501,6948
2017-07-03,502,1206
2017-07-03,503,3107
2017-07-03,504,3742
2017-07-03,506,3911
2017-07-03,507,1018
2017-07-03,508,2499
2017-07-03,509,3295
2017-07-03,510,2091
2017-07-03,511,1398
2017-07-03,517,1435
2017-07-03,519,1958
2017-07-03,523,7562
2017-07-03,528,2951
2017-07-03,531,2136
2017-07-03,535,7305
2017-07-03,542,3203
2017-07-03,544,1580
2017-07-03,545,1506
2017-07-03,547,236
2017-07-03,548,973
2017-07-03,550,1617
2017-07-03,551,1506
2017-07-03,552,1411
2017-07-03,715,388
2017-07-03,716,1888
2017-07-03,717,2514
2017-07-03,722,4583
2017-07-03,725,2096
2017-07-03,789,3460
2017-07-03,790,665
2017-07-03,791,1090
2017-07-03,794,1592
2017-07-03,827,1248
2017-07-03,828,1092
2017-07-03,838,4469
2017-07-03,845,1731
2017-07-03,846,2535
2017-07-03,869,2166
2017-07-03,891,3562
2017-07-03,893,167
2017-07-03,899,12869
2017-07-03,928,958
2017-07-03,985,4221
2017-07-03,988,936
2017-07-03,1028,2349
2017-07-04,163,3630
2017-07-04,165,1371
2017-07-04,166,353
2017-07-04,168,3762
2017-07-04,169,3981
2017-07-04,170,8692
2017-07-04,171,4841
2017-07-04,172,1625
2017-07-04,173,2195
2017-07-04,175,4009
2017-07-04,176,779
2017-07-04,179,4098
2017-07-04,180,4301
2017-07-04,181,8758
2017-07-04,182,274
2017-07-04,187,3645
2017-07-04,192,2322
2017-07-04,211,410
2017-07-04,253,882
2017-07-04,287,1436
2017-07-04,292,529
2017-07-04,326,1033
2017-07-04,330,1363
2017-07-04,338,1777
2017-07-04,339,1423
2017-07-04,347,4714
2017-07-04,351,2906
2017-07-04,361,3453
2017-07-04,398,3392
2017-07-04,399,610
2017-07-04,400,780
2017-07-04,403,2711
2017-07-04,404,1955
2017-07-04,406,1924
2017-07-04,407,1026
2017-07-04,409,3969
2017-07-04,410,1030
2017-07-04,412,377
2017-07-04,413,2015
2017-07-04,414,2407
2017-07-04,415,2838
2017-07-04,416,1666
2017-07-04,419,1134
2017-07-04,420,3034
2017-07-04,421,3026
2017-07-04,426,966
2017-07-04,427,1632
2017-07-04,430,1216
2017-07-04,432,1003
2017-07-04,433,1935
2017-07-04,445,2046
2017-07-04,446,24
2017-07-04,452,0
2017-07-04,459,1934
2017-07-04,472,785
2017-07-04,473,1770
2017-07-04,474,331
2017-07-04,475,7456
2017-07-04,489,4738
2017-07-04,495,3089
2017-07-04,500,3792
2017-07-04,501,6801
2017-07-04,502,1111
2017-07-04,503,2954
2017-07-04,504,3160
2017-07-04,506,3536
2017-07-04,507,797
2017-07-04,508,2495
2017-07-04,509,3057
2017-07-04,510,1661
2017-07-04,511,1017
2017-07-04,517,1549
2017-07-04,519,2027
2017-07-04,523,6791
2017-07-04,528,2102
2017-07-04,531,1674
2017-07-04,535,6264
2017-07-04,542,4081
2017-07-04,544,1236
2017-07-04,545,1816
2017-07-04,547,293
2017-07-04,548,1200
2017-07-04,550,1774
2017-07-04,551,1878
2017-07-04,552,1123
2017-07-04,715,450
2017-07-04,716,750
2017-07-04,717,2185
2017-07-04,722,3299
2017-07-04,725,1175
2017-07-04,789,3245
2017-07-04,790,817
2017-07-04,791,1335
2017-07-04,794,2469
2017-07-04,827,1336
2017-07-04,828,889
2017-07-04,838,3488
2017-07-04,845,1742
2017-07-04,846,2621
2017-07-04,869,1955
2017-07-04,891,4140
2017-07-04,893,117
2017-07-04,899,12393
2017-07-04,928,1091
2017-07-04,985,3621
2017-07-04,988,1079
2017-07-04,1028,2435
2017-07-05,163,5320
2017-07-05,165,1202
2017-07-05,166,338
2017-07-05,168,4689
2017-07-05,169,6199
2017-07-05,170,10680
2017-07-05,171,7402
2017-07-05,172,1561
2017-07-05,173,3710
2017-07-05,175,3281
2017-07-05,176,1236
2017-07-05,179,4880
2017-07-05,180,6424
2017-07-05,181,10319
2017-07-05,182,384
2017-07-05,187,3416
2017-07-05,192,2505
2017-07-05,211,187
2017-07-05,253,420
2017-07-05,287,1720
2017-07-05,292,342
2017-07-05,326,1062
2017-07-05,330,2200
2017-07-05,338,2429
2017-07-05,339,2204
2017-07-05,347,7435
2017-07-05,351,3834
2017-07-05,361,3067
2017-07-05,398,5413
2017-07-05,399,980
2017-07-05,400,1302
2017-07-05,403,2690
2017-07-05,404,2482
2017-07-05,406,3524
2017-07-05,407,1655
2017-07-05,409,4365
2017-07-05,410,1428
2017-07-05,412,0
2017-07-05,413,3152
2017-07-05,414,2860
2017-07-05,415,3182
2017-07-05,416,1566
2017-07-05,419,1793
2017-07-05,420,3860
2017-07-05,421,3043
2017-07-05,426,745
2017-07-05,427,1499
2017-07-05,430,1134
2017-07-05,432,2504
2017-07-05,433,2363
2017-07-05,445,3639
2017-07-05,446,25
2017-07-05,452,0
2017-07-05,459,1967
2017-07-05,472,938
2017-07-05,473,1642
2017-07-05,474,371
2017-07-05,475,8515
2017-07-05,489,7457
2017-07-05,495,3342
2017-07-05,500,4950
2017-07-05,501,7190
2017-07-05,502,1301
2017-07-05,503,3531
2017-07-05,504,4642
2017-07-05,506,4344
2017-07-05,507,1074
2017-07-05,508,2899
2017-07-05,509,3387
2017-07-05,510,2629
2017-07-05,511,2054
2017-07-05,517,1594
2017-07-05,519,1972
2017-07-05,523,8406
2017-07-05,528,4856
2017-07-05,531,3379
2017-07-05,535,7899
2017-07-05,542,4247
2017-07-05,544,953
2017-07-05,545,1491
2017-07-05,547,334
2017-07-05,548,858
2017-07-05,550,1818
2017-07-05,551,800
2017-07-05,552,1945
2017-07-05,715,375
2017-07-05,716,2239
2017-07-05,717,3111
2017-07-05,722,1956
2017-07-05,725,839
2017-07-05,789,3350
2017-07-05,790,1064
2017-07-05,791,1085
2017-07-05,794,1864
2017-07-05,827,1638
2017-07-05,828,1446
2017-07-05,838,4294
2017-07-05,845,1957
2017-07-05,846,3077
2017-07-05,869,1991
2017-07-05,891,5290
2017-07-05,893,163
2017-07-05,899,13008
2017-07-05,928,1117
2017-07-05,985,4201
2017-07-05,988,921
2017-07-05,1028,2298
2017-07-06,163,6012
2017-07-06,165,1583
2017-07-06,166,460
2017-07-06,168,5224
2017-07-06,169,7272
2017-07-06,170,8461
2017-07-06,171,7324
2017-07-06,172,1494
2017-07-06,173,3757
2017-07-06,175,434
2017-07-06,176,1062
2017-07-06,179,5259
2017-07-06,180,6663
2017-07-06,181,11464
2017-07-06,182,513
2017-07-06,187,3863
2017-07-06,192,2404
2017-07-06,211,409
2017-07-06,253,468
2017-07-06,287,1194
2017-07-06,292,320
2017-07-06,326,1273
2017-07-06,330,2553
2017-07-06,338,2409
2017-07-06,339,2155
2017-07-06,347,7286
2017-07-06,351,4120
2017-07-06,361,3089
2017-07-06,398,5708
2017-07-06,399,882
2017-07-06,400,1740
2017-07-06,403,2853
2017-07-06,404,2582
2017-07-06,406,3798
2017-07-06,407,1799
2017-07-06,409,4476
2017-07-06,410,1372
2017-07-06,412,0
2017-07-06,413,3432
2017-07-06,414,3014
2017-07-06,415,3586
2017-07-06,416,1722
2017-07-06,419,1892
2017-07-06,420,4068
2017-07-06,421,3418
2017-07-06,426,1105
2017-07-06,427,1503
2017-07-06,430,1062
2017-07-06,432,2633
2017-07-06,433,2564
2017-07-06,445,4182
2017-07-06,446,11
2017-07-06,452,3035
2017-07-06,459,2289
2017-07-06,472,1475
2017-07-06,473,1422
2017-07-06,474,327
2017-07-06,475,8947
2017-07-06,489,7335
2017-07-06,495,3528
2017-07-06,500,5803
2017-07-06,501,7133
2017-07-06,502,1362
2017-07-06,503,4199
2017-07-06,504,4612
2017-07-06,506,4886
2017-07-06,507,1360
2017-07-06,508,3246
2017-07-06,509,3843
2017-07-06,510,3142
2017-07-06,511,2442
2017-07-06,517,1881
2017-07-06,519,2456
2017-07-06,523,9570
2017-07-06,528,5344
2017-07-06,531,3705
2017-07-06,535,8147
2017-07-06,542,4608
2017-07-06,544,972
2017-07-06,545,1644
2017-07-06,547,263
2017-07-06,548,911
2017-07-06,550,2564
2017-07-06,551,2190
2017-07-06,552,1508
2017-07-06,715,326
2017-07-06,716,2276
2017-07-06,717,3026
2017-07-06,722,5204
2017-07-06,725,349
2017-07-06,789,3877
2017-07-06,790,835
2017-07-06,791,1508
2017-07-06,794,2194
2017-07-06,827,1679
2017-07-06,828,1538
2017-07-06,838,4621
2017-07-06,845,2040
2017-07-06,846,3607
2017-07-06,869,2309
2017-07-06,891,6279
2017-07-06,893,158
2017-07-06,899,13085
2017-07-06,928,1244
2017-07-06,985,4486
2017-07-06,988,1180
2017-07-06,1028,2560
2017-07-07,163,4327
2017-07-07,165,1062
2017-07-07,166,391
2017-07-07,168,3903
2017-07-07,169,5225
2017-07-07,170,6229
2017-07-07,171,3464
2017-07-07,172,1323
2017-07-07,173,3062
2017-07-07,176,832
2017-07-07,179,3910
2017-07-07,180,5627
2017-07-07,181,7736
2017-07-07,182,430
2017-07-07,187,2459
2017-07-07,192,1845
2017-07-07,211,396
2017-07-07,253,253
2017-07-07,287,1152
2017-07-07,292,307
2017-07-07,326,911
2017-07-07,330,2011
2017-07-07,338,1942
2017-07-07,339,1674
2017-07-07,347,3519
2017-07-07,351,3652
2017-07-07,361,2485
2017-07-07,398,4390
2017-07-07,399,795
2017-07-07,400,1239
2017-07-07,403,2468
2017-07-07,404,2214
2017-07-07,406,2790
2017-07-07,407,1462
2017-07-07,409,3422
2017-07-07,410,701
2017-07-07,412,0
2017-07-07,413,2717
2017-07-07,414,2667
2017-07-07,415,2655
2017-07-07,416,1534
2017-07-07,419,494
2017-07-07,420,3496
2017-07-07,421,3058
2017-07-07,426,844
2017-07-07,427,1238
2017-07-07,430,827
2017-07-07,432,2180
2017-07-07,433,2045
2017-07-07,445,3040
2017-07-07,446,12
2017-07-07,452,2045
2017-07-07,459,1743
2017-07-07,472,1038
2017-07-07,473,1025
2017-07-07,474,384
2017-07-07,475,7030
2017-07-07,489,3503
2017-07-07,495,2777
2017-07-07,500,4513
2017-07-07,501,2160
2017-07-07,502,1096
2017-07-07,503,3336
2017-07-07,504,3636
2017-07-07,506,3639
2017-07-07,507,1119
2017-07-07,508,2460
2017-07-07,509,3375
2017-07-07,510,2678
2017-07-07,511,1795
2017-07-07,517,1562
2017-07-07,519,1701
2017-07-07,523,6741
2017-07-07,528,3805
2017-07-07,531,2665
2017-07-07,535,7046
2017-07-07,542,3848
2017-07-07,544,931
2017-07-07,545,1158
2017-07-07,547,233
2017-07-07,548,1113
2017-07-07,550,1795
2017-07-07,551,2016
2017-07-07,552,1370
2017-07-07,715,243
2017-07-07,716,1716
2017-07-07,717,2595
2017-07-07,722,4232
2017-07-07,725,294
2017-07-07,789,3048
2017-07-07,790,746
2017-07-07,791,847
2017-07-07,794,1597
2017-07-07,827,1646
2017-07-07,828,1522
2017-07-07,838,3381
2017-07-07,845,1725
2017-07-07,846,2541
2017-07-07,869,1796
2017-07-07,891,4536
2017-07-07,893,136
2017-07-07,899,10455
2017-07-07,928,879
2017-07-07,985,2996
2017-07-07,988,1082
2017-07-07,1028,1954
2017-07-08,163,4624
2017-07-08,165,1084
2017-07-08,166,363
2017-07-08,168,4817
2017-07-08,169,5277
2017-07-08,170,6335
2017-07-08,171,3636
2017-07-08,172,1514
2017-07-08,173,2435
2017-07-08,176,897
2017-07-08,179,4566
2017-07-08,180,5152
2017-07-08,181,6558
2017-07-08,182,388
2017-07-08,187,3488
2017-07-08,192,2367
2017-07-08,211,247
2017-07-08,253,511
2017-07-08,287,1110
2017-07-08,292,396
2017-07-08,326,1177
2017-07-08,330,1323
2017-07-08,338,1392
2017-07-08,339,1058
2017-07-08,347,3498
2017-07-08,351,3711
2017-07-08,361,1663
2017-07-08,398,2807
2017-07-08,399,714
2017-07-08,400,1057
2017-07-08,403,2306
2017-07-08,404,2265
2017-07-08,406,1820
2017-07-08,407,1266
2017-07-08,409,3739
2017-07-08,410,325
2017-07-08,412,0
2017-07-08,413,2090
2017-07-08,414,2293
2017-07-08,415,2630
2017-07-08,416,1741
2017-07-08,419,0
2017-07-08,420,10866
2017-07-08,421,3521
2017-07-08,426,613
2017-07-08,427,1416
2017-07-08,430,1329
2017-07-08,432,1120
2017-07-08,433,2012
2017-07-08,445,2342
2017-07-08,446,9
2017-07-08,452,3252
2017-07-08,459,2243
2017-07-08,472,1017
2017-07-08,473,1712
2017-07-08,474,462
2017-07-08,475,7826
2017-07-08,489,3623
2017-07-08,495,2702
2017-07-08,500,4888
2017-07-08,501,3889
2017-07-08,502,1414
2017-07-08,503,3975
2017-07-08,504,4052
2017-07-08,506,4569
2017-07-08,507,1065
2017-07-08,508,2767
2017-07-08,509,3757
2017-07-08,510,2661
2017-07-08,511,1445
2017-07-08,517,1597
2017-07-08,519,2341
2017-07-08,523,6905
2017-07-08,528,2751
2017-07-08,531,2075
2017-07-08,535,8208
2017-07-08,542,3401
2017-07-08,544,1300
2017-07-08,545,1561
2017-07-08,547,255
2017-07-08,548,1141
2017-07-08,550,772
2017-07-08,551,1322
2017-07-08,552,1447
2017-07-08,715,291
2017-07-08,716,501
2017-07-08,717,3318
2017-07-08,722,4777
2017-07-08,725,236
2017-07-08,789,3722
2017-07-08,790,816
2017-07-08,791,1103
2017-07-08,794,1880
2017-07-08,827,1638
2017-07-08,828,1119
2017-07-08,838,4099
2017-07-08,845,2218
2017-07-08,846,2970
2017-07-08,869,2204
2017-07-08,891,4956
2017-07-08,893,170
2017-07-08,899,13362
2017-07-08,928,1014
2017-07-08,985,3638
2017-07-08,988,1101
2017-07-08,1028,2505
2017-07-09,163,3866
2017-07-09,165,1138
2017-07-09,166,326
2017-07-09,168,4383
2017-07-09,169,4120
2017-07-09,170,5635
2017-07-09,171,3005
2017-07-09,172,1118
2017-07-09,173,2298
2017-07-09,176,724
2017-07-09,179,4126
2017-07-09,180,5240
2017-07-09,181,8047
2017-07-09,182,378
2017-07-09,187,1863
2017-07-09,192,2248
2017-07-09,211,199
2017-07-09,253,623
2017-07-09,287,928
2017-07-09,292,836
2017-07-09,326,1249
2017-07-09,330,1198
2017-07-09,338,1221
2017-07-09,339,995
2017-07-09,347,2950
2017-07-09,351,3710
2017-07-09,361,1548
2017-07-09,398,2468
2017-07-09,399,552
2017-07-09,400,758
2017-07-09,403,1940
2017-07-09,404,1877
2017-07-09,406,1633
2017-07-09,407,1277
2017-07-09,409,3589
2017-07-09,410,215
2017-07-09,412,0
2017-07-09,413,1797
2017-07-09,414,2153
2017-07-09,415,2325
2017-07-09,416,1734
2017-07-09,419,0
2017-07-09,420,3164
2017-07-09,421,3223
2017-07-09,426,659
2017-07-09,427,1362
2017-07-09,430,1266
2017-07-09,432,1024
2017-07-09,433,2011
2017-07-09,445,2027
2017-07-09,446,16
2017-07-09,452,2995
2017-07-09,459,2050
2017-07-09,472,861
2017-07-09,473,1762
2017-07-09,474,309
2017-07-09,475,6630
2017-07-09,489,3047
2017-07-09,495,2476
2017-07-09,500,4389
2017-07-09,501,5763
2017-07-09,502,1022
2017-07-09,503,3128
2017-07-09,504,3459
2017-07-09,506,3567
2017-07-09,507,1060
2017-07-09,508,2693
2017-07-09,509,3511
2017-07-09,510,2088
2017-07-09,511,1218
2017-07-09,517,1254
2017-07-09,519,1796
2017-07-09,523,5955
2017-07-09,528,2117
2017-07-09,531,2323
2017-07-09,535,6897
2017-07-09,542,2665
2017-07-09,544,1067
2017-07-09,545,1566
2017-07-09,547,200
2017-07-09,548,1084
2017-07-09,550,647
2017-07-09,551,1159
2017-07-09,552,1222
2017-07-09,715,287
2017-07-09,716,406
2017-07-09,717,2949
2017-07-09,722,3506
2017-07-09,725,226
2017-07-09,789,3310
2017-07-09,790,834
2017-07-09,791,733
2017-07-09,794,1503
2017-07-09,827,1790
2017-07-09,828,1052
2017-07-09,838,3484
2017-07-09,845,1845
2017-07-09,846,2802
2017-07-09,869,2067
2017-07-09,891,3262
2017-07-09,893,216
2017-07-09,899,11677
2017-07-09,928,818
2017-07-09,985,3046
2017-07-09,988,961
2017-07-09,1028,2152
2017-07-10,163,5679
2017-07-10,165,1421
2017-07-10,166,292
2017-07-10,168,4772
2017-07-10,169,6468
2017-07-10,170,7281
2017-07-10,171,4855
2017-07-10,172,1505
2017-07-10,173,4035
2017-07-10,176,947
2017-07-10,179,4918
2017-07-10,180,7547
2017-07-10,181,10582
2017-07-10,182,615
2017-07-10,187,3601
2017-07-10,192,2684
2017-07-10,211,364
2017-07-10,253,474
2017-07-10,287,1171
2017-07-10,292,949
2017-07-10,326,1824
2017-07-10,330,2410
2017-07-10,338,2389
2017-07-10,339,2112
2017-07-10,347,4838
2017-07-10,351,4693
2017-07-10,361,3280
2017-07-10,398,5257
2017-07-10,399,988
2017-07-10,400,1003
2017-07-10,403,1627
2017-07-10,404,2567
2017-07-10,406,3457
2017-07-10,407,1877
2017-07-10,409,4508
2017-07-10,410,591
2017-07-10,412,0
2017-07-10,413,3155
2017-07-10,414,2882
2017-07-10,415,7359
2017-07-10,416,1806
2017-07-10,419,0
2017-07-10,420,3498
2017-07-10,421,4001
2017-07-10,426,964
2017-07-10,427,1373
2017-07-10,430,1087
2017-07-10,432,2516
2017-07-10,433,2476
2017-07-10,445,3853
2017-07-10,446,16
2017-07-10,452,2678
2017-07-10,459,2124
2017-07-10,472,1322
2017-07-10,473,1388
2017-07-10,474,386
2017-07-10,475,8032
2017-07-10,489,4874
2017-07-10,495,3211
2017-07-10,500,5226
2017-07-10,501,11424
2017-07-10,502,1383
2017-07-10,503,3946
2017-07-10,504,4764
2017-07-10,506,4792
2017-07-10,507,1315
2017-07-10,508,3148
2017-07-10,509,4386
2017-07-10,510,3289
2017-07-10,511,2208
2017-07-10,517,1549
2017-07-10,519,2043
2017-07-10,523,9229
2017-07-10,528,5002
2017-07-10,531,3509
2017-07-10,535,8277
2017-07-10,542,4143
2017-07-10,544,1208
2017-07-10,545,1527
2017-07-10,547,243
2017-07-10,548,921
2017-07-10,550,1536
2017-07-10,551,2625
2017-07-10,552,1626
2017-07-10,715,272
2017-07-10,716,2258
2017-07-10,717,2989
2017-07-10,722,4493
2017-07-10,725,469
2017-07-10,789,3982
2017-07-10,790,921
2017-07-10,791,1407
2017-07-10,794,2674
2017-07-10,827,1667
2017-07-10,828,1493
2017-07-10,838,4083
2017-07-10,845,2106
2017-07-10,846,3298
2017-07-10,869,2124
2017-07-10,891,5747
2017-07-10,893,193
2017-07-10,899,11787
2017-07-10,928,1326
2017-07-10,985,4325
2017-07-10,988,973
2017-07-10,1028,2663
2017-07-11,163,5502
2017-07-11,165,1339
2017-07-11,166,243
2017-07-11,168,4843
2017-07-11,169,6732
2017-07-11,170,7140
2017-07-11,171,4966
2017-07-11,172,1839
2017-07-11,173,3605
2017-07-11,175,1123
2017-07-11,176,1004
2017-07-11,179,5009
2017-07-11,180,7847
2017-07-11,181,11172
2017-07-11,182,538
2017-07-11,187,3614
2017-07-11,192,2685
2017-07-11,211,386
2017-07-11,253,375
2017-07-11,287,1164
2017-07-11,292,1080
2017-07-11,326,1799
2017-07-11,330,2263
2017-07-11,338,2354
2017-07-11,339,2051
2017-07-11,347,5084
2017-07-11,351,3971
2017-07-11,361,3502
2017-07-11,398,5366
2017-07-11,399,927
2017-07-11,400,1136
2017-07-11,403,1569
2017-07-11,404,2539
2017-07-11,406,3789
2017-07-11,407,1858
2017-07-11,409,4706
2017-07-11,410,686
2017-07-11,412,0
2017-07-11,413,3356
2017-07-11,414,2570
2017-07-11,415,8715
2017-07-11,416,1663
2017-07-11,419,2709
2017-07-11,420,3697
2017-07-11,421,3981
2017-07-11,426,885
2017-07-11,427,1392
2017-07-11,430,1057
2017-07-11,432,2621
2017-07-11,433,2461
2017-07-11,445,4047
2017-07-11,446,47
2017-07-11,452,2508
2017-07-11,459,2015
2017-07-11,472,1480
2017-07-11,473,1304
2017-07-11,474,408
2017-07-11,475,9171
2017-07-11,489,4914
2017-07-11,495,3199
2017-07-11,500,5202
2017-07-11,501,13983
2017-07-11,502,1545
2017-07-11,503,3890
2017-07-11,504,4878
2017-07-11,506,4935
2017-07-11,507,1304
2017-07-11,508,3115
2017-07-11,509,4244
2017-07-11,510,3434
2017-07-11,511,2196
2017-07-11,517,1609
2017-07-11,519,1855
2017-07-11,523,9449
2017-07-11,528,5155
2017-07-11,531,3628
2017-07-11,535,7461
2017-07-11,542,4080
2017-07-11,544,1197
2017-07-11,545,1628
2017-07-11,547,247
2017-07-11,548,1024
2017-07-11,550,2359
2017-07-11,551,2271
2017-07-11,552,1808
2017-07-11,715,282
2017-07-11,716,2545
2017-07-11,717,3055
2017-07-11,722,5123
2017-07-11,725,425
2017-07-11,789,3781
2017-07-11,790,1118
2017-07-11,791,1341
2017-07-11,794,2898
2017-07-11,827,1743
2017-07-11,828,1560
2017-07-11,838,4957
2017-07-11,845,2152
2017-07-11,846,3507
2017-07-11,869,1996
2017-07-11,891,5821
2017-07-11,893,186
2017-07-11,899,12779
2017-07-11,928,1267
2017-07-11,985,4109
2017-07-11,988,1061
2017-07-11,1028,2528
2017-07-12,163,5133
2017-07-12,165,1589
2017-07-12,166,3291
2017-07-12,168,4451
2017-07-12,169,6420
2017-07-12,170,7078
2017-07-12,171,4779
2017-07-12,172,1418
2017-07-12,173,3691
2017-07-12,175,3031
2017-07-12,176,985
2017-07-12,179,4307
2017-07-12,180,7606
2017-07-12,181,10521
2017-07-12,182,358
2017-07-12,187,3486
2017-07-12,192,2413
2017-07-12,211,361
2017-07-12,253,386
2017-07-12,287,495
2017-07-12,292,924
2017-07-12,326,1897
2017-07-12,330,2146
2017-07-12,338,2399
2017-07-12,339,1937
2017-07-12,347,4818
2017-07-12,351,4108
2017-07-12,361,3182
2017-07-12,398,5240
2017-07-12,399,935
2017-07-12,400,1608
2017-07-12,403,1431
2017-07-12,404,2430
2017-07-12,406,3559
2017-07-12,407,1781
2017-07-12,409,4351
2017-07-12,410,637
2017-07-12,412,0
2017-07-12,413,3145
2017-07-12,414,1740
2017-07-12,415,8018
2017-07-12,416,1521
2017-07-12,419,1500
2017-07-12,420,3650
2017-07-12,421,3285
2017-07-12,426,894
2017-07-12,427,1224
2017-07-12,430,1042
2017-07-12,432,2653
2017-07-12,433,2254
2017-07-12,445,3740
2017-07-12,446,37
2017-07-12,452,2434
2017-07-12,459,1912
2017-07-12,472,1339
2017-07-12,473,1059
2017-07-12,474,332
2017-07-12,475,8464
2017-07-12,489,4751
2017-07-12,495,3319
2017-07-12,500,5168
2017-07-12,501,13322
2017-07-12,502,1302
2017-07-12,503,3859
2017-07-12,504,3860
2017-07-12,506,4617
2017-07-12,507,1306
2017-07-12,508,3175
2017-07-12,509,4168
2017-07-12,510,3329
2017-07-12,511,2130
2017-07-12,517,1692
2017-07-12,519,1797
2017-07-12,523,8727
2017-07-12,528,3173
2017-07-12,531,3475
2017-07-12,535,7473
2017-07-12,542,3846
2017-07-12,544,1179
2017-07-12,545,1596
2017-07-12,547,265
2017-07-12,548,930
2017-07-12,550,1633
2017-07-12,551,2243
2017-07-12,552,1607
2017-07-12,715,249
2017-07-12,716,2305
2017-07-12,717,2960
2017-07-12,722,4667
2017-07-12,725,330
2017-07-12,789,3801
2017-07-12,790,733
2017-07-12,791,1201
2017-07-12,794,2181
2017-07-12,827,1538
2017-07-12,828,1349
2017-07-12,838,3976
2017-07-12,845,2143
2017-07-12,846,3248
2017-07-12,869,1862
2017-07-12,891,5363
2017-07-12,893,266
2017-07-12,899,12217
2017-07-12,928,1233
2017-07-12,985,3835
2017-07-12,988,892
2017-07-12,1028,2576
2017-07-13,163,4007
2017-07-13,165,1157
2017-07-13,166,4687
2017-07-13,168,2903
2017-07-13,169,4624
2017-07-13,170,4557
2017-07-13,171,3380
2017-07-13,172,1102
2017-07-13,173,2465
2017-07-13,175,2263
2017-07-13,176,706
2017-07-13,179,3142
2017-07-13,180,5501
2017-07-13,181,7224
2017-07-13,182,311
2017-07-13,187,2254
2017-07-13,192,1658
2017-07-13,211,308
2017-07-13,253,138
2017-07-13,287,1207
2017-07-13,292,596
2017-07-13,326,1021
2017-07-13,330,1546
2017-07-13,338,1593
2017-07-13,339,1302
2017-07-13,347,3307
2017-07-13,351,3345
2017-07-13,361,2636
2017-07-13,398,3657
2017-07-13,399,612
2017-07-13,400,784
2017-07-13,403,1040
2017-07-13,404,1605
2017-07-13,406,2437
2017-07-13,407,1356
2017-07-13,409,2874
2017-07-13,410,384
2017-07-13,412,0
2017-07-13,413,2293
2017-07-13,414,1028
2017-07-13,415,5747
2017-07-13,416,1266
2017-07-13,419,1027
2017-07-13,420,2359
2017-07-13,421,2462
2017-07-13,426,590
2017-07-13,427,1005
2017-07-13,430,609
2017-07-13,432,2017
2017-07-13,433,1644
2017-07-13,445,3035
2017-07-13,446,11
2017-07-13,452,1728
2017-07-13,459,1234
2017-07-13,472,860
2017-07-13,473,788
2017-07-13,474,236
2017-07-13,475,5442
2017-07-13,489,3453
2017-07-13,495,2039
2017-07-13,500,3138
2017-07-13,501,9575
2017-07-13,502,892
2017-07-13,503,2684
2017-07-13,504,3362
2017-07-13,506,3379
2017-07-13,507,772
2017-07-13,508,2037
2017-07-13,509,2476
2017-07-13,510,2129
2017-07-13,511,1348
2017-07-13,517,1116
2017-07-13,519,1320
2017-07-13,523,6276
2017-07-13,528,2592
2017-07-13,531,2105
2017-07-13,535,4681
2017-07-13,542,2409
2017-07-13,544,856
2017-07-13,545,1143
2017-07-13,547,182
2017-07-13,548,647
2017-07-13,550,1607
2017-07-13,551,1422
2017-07-13,552,1413
2017-07-13,715,156
2017-07-13,716,1529
2017-07-13,717,1768
2017-07-13,722,3108
2017-07-13,725,267
2017-07-13,789,2389
2017-07-13,790,572
2017-07-13,791,859
2017-07-13,794,1143
2017-07-13,827,1259
2017-07-13,828,904
2017-07-13,838,3031
2017-07-13,845,1280
2017-07-13,846,2140
2017-07-13,869,1221
2017-07-13,891,3795
2017-07-13,893,115
2017-07-13,899,6606
2017-07-13,928,743
2017-07-13,985,3051
2017-07-13,988,714
2017-07-13,1028,1704
