weekday,cam,hour,count
0,163,0,34
0,163,1,20
0,163,2,13
0,163,3,9
0,163,4,7
0,163,5,62
0,163,6,113
0,163,7,191
0,163,8,407
0,163,9,868
0,163,10,1079
0,163,11,1213
0,163,12,1513
0,163,13,1520
0,163,14,1572
0,163,15,1785
0,163,16,1750
0,163,17,1513
0,163,18,1318
0,163,19,1101
0,163,20,845
0,163,21,136
0,163,22,60
0,163,23,33
0,165,0,156
0,165,1,99
0,165,2,134
0,165,3,102
0,165,4,117
0,165,5,138
0,165,6,172
0,165,7,123
0,165,8,97
0,165,9,190
0,165,10,185
0,165,11,210
0,165,12,218
0,165,13,295
0,165,14,227
0,165,15,190
0,165,16,191
0,165,17,206
0,165,18,260
0,165,19,246
0,165,20,225
0,165,21,82
0,165,22,103
0,165,23,133
0,166,0,110
0,166,1,61
0,166,2,29
0,166,3,28
0,166,4,23
0,166,5,22
0,166,6,27
0,166,7,31
0,166,8,44
0,166,9,40
0,166,10,44
0,166,11,49
0,166,12,58
0,166,13,66
0,166,14,59
0,166,15,53
0,166,16,67
0,166,17,80
0,166,18,79
0,166,19,80
0,166,20,122
0,166,21,44
0,166,22,42
0,166,23,49
0,168,0,179
0,168,1,153
0,168,2,121
0,168,3,101
0,168,4,111
0,168,5,232
0,168,6,192
0,168,7,254
0,168,8,326
0,168,9,573
0,168,10,874
0,168,11,1092
0,168,12,1225
0,168,13,1367
0,168,14,1271
0,168,15,1186
0,168,16,1231
0,168,17,1478
0,168,18,1481
0,168,19,1365
0,168,20,1230
0,168,21,283
0,168,22,299
0,168,23,239
0,169,0,212
0,169,1,83
0,169,2,29
0,169,3,19
0,169,4,21
0,169,5,62
0,169,6,118
0,169,7,199
0,169,8,429
0,169,9,934
0,169,10,1165
0,169,11,1135
0,169,12,1175
0,169,13,1281
0,169,14,1268
0,169,15,1284
0,169,16,1589
0,169,17,1743
0,169,18,1655
0,169,19,1302
0,169,20,1082
0,169,21,573
0,169,22,383
0,169,23,347
0,170,0,639
0,170,1,386
0,170,2,234
0,170,3,197
0,170,4,168
0,170,5,190
0,170,6,308
0,170,7,475
0,170,8,794
0,170,9,1049
0,170,10,1185
0,170,11,1302
0,170,12,1538
0,170,13,1887
0,170,14,1854
0,170,15,2014
0,170,16,1988
0,170,17,2093
0,170,18,1972
0,170,19,1690
0,170,20,1529
0,170,21,1094
0,170,22,1084
0,170,23,833
0,171,0,275
0,171,1,141
0,171,2,106
0,171,3,63
0,171,4,46
0,171,5,69
0,171,6,140
0,171,7,226
0,171,8,388
0,171,9,704
0,171,10,955
0,171,11,1024
0,171,12,995
0,171,13,1105
0,171,14,1025
0,171,15,1223
0,171,16,1378
0,171,17,1473
0,171,18,1371
0,171,19,1226
0,171,20,852
0,171,21,317
0,171,22,273
0,171,23,208
0,172,0,80
0,172,1,37
0,172,2,39
0,172,3,19
0,172,4,23
0,172,5,49
0,172,6,97
0,172,7,101
0,172,8,144
0,172,9,225
0,172,10,211
0,172,11,316
0,172,12,415
0,172,13,418
0,172,14,352
0,172,15,349
0,172,16,373
0,172,17,418
0,172,18,429
0,172,19,483
0,172,20,454
0,172,21,169
0,172,22,124
0,172,23,106
0,173,0,228
0,173,1,163
0,173,2,151
0,173,3,134
0,173,4,133
0,173,5,100
0,173,6,173
0,173,7,256
0,173,8,363
0,173,9,437
0,173,10,517
0,173,11,578
0,173,12,515
0,173,13,575
0,173,14,615
0,173,15,611
0,173,16,639
0,173,17,681
0,173,18,699
0,173,19,561
0,173,20,456
0,173,21,212
0,173,22,220
0,173,23,213
0,175,0,21
0,175,1,23
0,175,2,19
0,175,3,20
0,175,4,17
0,175,5,50
0,175,6,36
0,175,7,109
0,175,8,160
0,175,9,296
0,175,10,338
0,175,11,356
0,175,12,367
0,175,13,386
0,175,14,366
0,175,15,301
0,175,16,333
0,175,17,374
0,175,18,386
0,175,19,363
0,175,20,401
0,175,21,18
0,175,22,10
0,175,23,11
0,176,0,86
0,176,1,81
0,176,2,76
0,176,3,74
0,176,4,84
0,176,5,22
0,176,6,12
0,176,7,69
0,176,8,147
0,176,9,216
0,176,10,256
0,176,11,206
0,176,12,205
0,176,13,191
0,176,14,191
0,176,15,153
0,176,16,188
0,176,17,187
0,176,18,184
0,176,19,117
0,176,20,94
0,176,21,84
0,176,22,89
0,176,23,82
0,179,0,251
0,179,1,191
0,179,2,111
0,179,3,108
0,179,4,109
0,179,5,172
0,179,6,189
0,179,7,314
0,179,8,414
0,179,9,609
0,179,10,796
0,179,11,1008
0,179,12,1062
0,179,13,1340
0,179,14,1280
0,179,15,1240
0,179,16,1203
0,179,17,1320
0,179,18,1228
0,179,19,1142
0,179,20,887
0,179,21,602
0,179,22,522
0,179,23,390
0,180,0,330
0,180,1,263
0,180,2,174
0,180,3,114
0,180,4,118
0,180,5,256
0,180,6,377
0,180,7,583
0,180,8,574
0,180,9,774
0,180,10,1018
0,180,11,1194
0,180,12,1402
0,180,13,1539
0,180,14,1354
0,180,15,1423
0,180,16,1459
0,180,17,1470
0,180,18,1468
0,180,19,1105
0,180,20,875
0,180,21,577
0,180,22,554
0,180,23,463
0,181,0,1227
0,181,1,1057
0,181,2,826
0,181,3,646
0,181,4,563
0,181,5,465
0,181,6,770
0,181,7,1146
0,181,8,1717
0,181,9,1903
0,181,10,1789
0,181,11,1844
0,181,12,2331
0,181,13,2278
0,181,14,1852
0,181,15,1592
0,181,16,1549
0,181,17,1694
0,181,18,1852
0,181,19,1396
0,181,20,1241
0,181,21,797
0,181,22,840
0,181,23,907
0,182,0,26
0,182,1,22
0,182,2,16
0,182,3,26
0,182,4,27
0,182,5,42
0,182,6,43
0,182,7,48
0,182,8,50
0,182,9,35
0,182,10,50
0,182,11,74
0,182,12,91
0,182,13,104
0,182,14,88
0,182,15,105
0,182,16,84
0,182,17,88
0,182,18,87
0,182,19,91
0,182,20,79
0,182,21,58
0,182,22,39
0,182,23,47
0,187,0,112
0,187,1,121
0,187,2,81
0,187,3,63
0,187,4,87
0,187,5,72
0,187,6,128
0,187,7,279
0,187,8,502
0,187,9,712
0,187,10,794
0,187,11,825
0,187,12,745
0,187,13,766
0,187,14,734
0,187,15,751
0,187,16,744
0,187,17,682
0,187,18,490
0,187,19,286
0,187,20,201
0,187,21,164
0,187,22,123
0,187,23,167
0,192,0,101
0,192,1,73
0,192,2,53
0,192,3,40
0,192,4,35
0,192,5,42
0,192,6,48
0,192,7,101
0,192,8,157
0,192,9,267
0,192,10,288
0,192,11,365
0,192,12,368
0,192,13,489
0,192,14,489
0,192,15,492
0,192,16,497
0,192,17,550
0,192,18,586
0,192,19,437
0,192,20,403
0,192,21,221
0,192,22,152
0,192,23,130
0,211,0,47
0,211,1,46
0,211,2,33
0,211,3,33
0,211,4,40
0,211,5,15
0,211,6,15
0,211,7,63
0,211,8,61
0,211,9,30
0,211,10,36
0,211,11,24
0,211,12,25
0,211,13,52
0,211,14,52
0,211,15,37
0,211,16,44
0,211,17,38
0,211,18,44
0,211,19,61
0,211,20,25
0,211,21,42
0,211,22,50
0,211,23,32
0,253,0,32
0,253,1,36
0,253,2,31
0,253,3,35
0,253,4,23
0,253,5,38
0,253,6,38
0,253,7,136
0,253,8,122
0,253,9,104
0,253,10,146
0,253,11,162
0,253,12,139
0,253,13,119
0,253,14,119
0,253,15,64
0,253,16,49
0,253,17,91
0,253,18,117
0,253,19,87
0,253,20,78
0,253,21,39
0,253,22,38
0,253,23,43
0,287,0,19
0,287,1,17
0,287,2,22
0,287,3,23
0,287,4,16
0,287,5,168
0,287,6,191
0,287,7,227
0,287,8,261
0,287,9,312
0,287,10,411
0,287,11,505
0,287,12,439
0,287,13,453
0,287,14,459
0,287,15,504
0,287,16,578
0,287,17,608
0,287,18,519
0,287,19,443
0,287,20,257
0,287,21,50
0,287,22,38
0,287,23,39
0,292,0,138
0,292,1,45
0,292,2,52
0,292,3,21
0,292,4,20
0,292,5,38
0,292,6,24
0,292,7,41
0,292,8,45
0,292,9,57
0,292,10,53
0,292,11,85
0,292,12,88
0,292,13,94
0,292,14,80
0,292,15,121
0,292,16,107
0,292,17,127
0,292,18,167
0,292,19,164
0,292,20,151
0,292,21,72
0,292,22,99
0,292,23,78
0,326,0,85
0,326,1,78
0,326,2,61
0,326,3,88
0,326,4,61
0,326,5,113
0,326,6,140
0,326,7,185
0,326,8,236
0,326,9,293
0,326,10,306
0,326,11,297
0,326,12,385
0,326,13,341
0,326,14,299
0,326,15,326
0,326,16,281
0,326,17,291
0,326,18,297
0,326,19,232
0,326,20,202
0,326,21,94
0,326,22,84
0,326,23,75
0,330,0,73
0,330,1,41
0,330,2,14
0,330,3,17
0,330,4,14
0,330,5,43
0,330,6,44
0,330,7,71
0,330,8,78
0,330,9,170
0,330,10,228
0,330,11,329
0,330,12,457
0,330,13,492
0,330,14,443
0,330,15,427
0,330,16,350
0,330,17,435
0,330,18,386
0,330,19,326
0,330,20,301
0,330,21,84
0,330,22,49
0,330,23,40
0,338,0,175
0,338,1,164
0,338,2,133
0,338,3,166
0,338,4,155
0,338,5,144
0,338,6,77
0,338,7,122
0,338,8,134
0,338,9,171
0,338,10,223
0,338,11,196
0,338,12,332
0,338,13,299
0,338,14,263
0,338,15,270
0,338,16,313
0,338,17,366
0,338,18,288
0,338,19,247
0,338,20,285
0,338,21,201
0,338,22,178
0,338,23,155
0,339,0,74
0,339,1,49
0,339,2,44
0,339,3,51
0,339,4,50
0,339,5,41
0,339,6,37
0,339,7,54
0,339,8,94
0,339,9,138
0,339,10,215
0,339,11,216
0,339,12,252
0,339,13,285
0,339,14,230
0,339,15,240
0,339,16,336
0,339,17,314
0,339,18,293
0,339,19,284
0,339,20,253
0,339,21,107
0,339,22,94
0,339,23,65
0,347,0,272
0,347,1,149
0,347,2,94
0,347,3,71
0,347,4,63
0,347,5,78
0,347,6,148
0,347,7,234
0,347,8,390
0,347,9,672
0,347,10,943
0,347,11,1013
0,347,12,989
0,347,13,1082
0,347,14,1059
0,347,15,1196
0,347,16,1392
0,347,17,1462
0,347,18,1287
0,347,19,1157
0,347,20,905
0,347,21,301
0,347,22,236
0,347,23,211
0,351,0,163
0,351,1,126
0,351,2,94
0,351,3,98
0,351,4,59
0,351,5,126
0,351,6,265
0,351,7,260
0,351,8,444
0,351,9,687
0,351,10,760
0,351,11,865
0,351,12,993
0,351,13,1030
0,351,14,923
0,351,15,1031
0,351,16,1071
0,351,17,1004
0,351,18,953
0,351,19,729
0,351,20,529
0,351,21,214
0,351,22,195
0,351,23,190
0,361,0,112
0,361,1,98
0,361,2,91
0,361,3,76
0,361,4,92
0,361,5,78
0,361,6,101
0,361,7,180
0,361,8,201
0,361,9,335
0,361,10,383
0,361,11,318
0,361,12,359
0,361,13,334
0,361,14,405
0,361,15,351
0,361,16,400
0,361,17,416
0,361,18,417
0,361,19,316
0,361,20,359
0,361,21,166
0,361,22,144
0,361,23,171
0,398,0,164
0,398,1,113
0,398,2,67
0,398,3,83
0,398,4,63
0,398,5,102
0,398,6,191
0,398,7,349
0,398,8,425
0,398,9,479
0,398,10,543
0,398,11,596
0,398,12,694
0,398,13,771
0,398,14,612
0,398,15,632
0,398,16,801
0,398,17,799
0,398,18,746
0,398,19,590
0,398,20,566
0,398,21,243
0,398,22,279
0,398,23,246
0,399,0,73
0,399,1,72
0,399,2,67
0,399,3,58
0,399,4,72
0,399,5,47
0,399,6,34
0,399,7,43
0,399,8,55
0,399,9,80
0,399,10,86
0,399,11,146
0,399,12,168
0,399,13,169
0,399,14,173
0,399,15,202
0,399,16,173
0,399,17,173
0,399,18,152
0,399,19,134
0,399,20,124
0,399,21,112
0,399,22,92
0,399,23,92
0,400,0,70
0,400,1,76
0,400,2,113
0,400,3,74
0,400,4,70
0,400,5,147
0,400,6,216
0,400,7,197
0,400,8,204
0,400,9,237
0,400,10,232
0,400,11,289
0,400,12,318
0,400,13,294
0,400,14,294
0,400,15,250
0,400,16,281
0,400,17,351
0,400,18,292
0,400,19,217
0,400,20,189
0,400,21,84
0,400,22,95
0,400,23,87
0,403,0,190
0,403,1,126
0,403,2,116
0,403,3,100
0,403,4,69
0,403,5,76
0,403,6,95
0,403,7,133
0,403,8,193
0,403,9,304
0,403,10,324
0,403,11,403
0,403,12,530
0,403,13,494
0,403,14,586
0,403,15,535
0,403,16,537
0,403,17,575
0,403,18,606
0,403,19,485
0,403,20,446
0,403,21,243
0,403,22,209
0,403,23,166
0,404,0,104
0,404,1,101
0,404,2,89
0,404,3,104
0,404,4,99
0,404,5,150
0,404,6,211
0,404,7,257
0,404,8,281
0,404,9,329
0,404,10,437
0,404,11,450
0,404,12,585
0,404,13,656
0,404,14,650
0,404,15,545
0,404,16,546
0,404,17,577
0,404,18,559
0,404,19,413
0,404,20,340
0,404,21,123
0,404,22,110
0,404,23,78
0,406,0,95
0,406,1,49
0,406,2,36
0,406,3,39
0,406,4,23
0,406,5,37
0,406,6,61
0,406,7,111
0,406,8,151
0,406,9,320
0,406,10,396
0,406,11,480
0,406,12,468
0,406,13,485
0,406,14,432
0,406,15,494
0,406,16,562
0,406,17,545
0,406,18,498
0,406,19,410
0,406,20,382
0,406,21,177
0,406,22,181
0,406,23,108
0,407,0,151
0,407,1,168
0,407,2,170
0,407,3,208
0,407,4,210
0,407,5,130
0,407,6,78
0,407,7,99
0,407,8,131
0,407,9,168
0,407,10,222
0,407,11,217
0,407,12,218
0,407,13,199
0,407,14,227
0,407,15,256
0,407,16,281
0,407,17,273
0,407,18,235
0,407,19,181
0,407,20,170
0,407,21,172
0,407,22,184
0,407,23,192
0,409,0,90
0,409,1,51
0,409,2,49
0,409,3,43
0,409,4,42
0,409,5,168
0,409,6,162
0,409,7,278
0,409,8,341
0,409,9,574
0,409,10,906
0,409,11,893
0,409,12,1093
0,409,13,1104
0,409,14,1139
0,409,15,1243
0,409,16,1306
0,409,17,1466
0,409,18,1336
0,409,19,1084
0,409,20,722
0,409,21,187
0,409,22,178
0,409,23,177
0,410,0,40
0,410,1,30
0,410,2,20
0,410,3,12
0,410,4,23
0,410,5,38
0,410,6,60
0,410,7,99
0,410,8,94
0,410,9,137
0,410,10,108
0,410,11,83
0,410,12,89
0,410,13,102
0,410,14,139
0,410,15,151
0,410,16,81
0,410,17,146
0,410,18,127
0,410,19,107
0,410,20,105
0,410,21,57
0,410,22,78
0,410,23,63
0,412,0,40
0,412,1,36
0,412,2,21
0,412,3,27
0,412,4,24
0,412,5,60
0,412,6,60
0,412,7,98
0,412,8,155
0,412,9,215
0,412,10,207
0,412,11,94
0,412,12,121
0,412,13,141
0,412,14,131
0,412,15,160
0,412,16,168
0,412,17,238
0,412,18,211
0,412,19,130
0,412,20,106
0,412,21,77
0,412,22,68
0,412,23,85
0,413,0,166
0,413,1,126
0,413,2,119
0,413,3,106
0,413,4,91
0,413,5,147
0,413,6,259
0,413,7,289
0,413,8,308
0,413,9,354
0,413,10,419
0,413,11,420
0,413,12,402
0,413,13,519
0,413,14,518
0,413,15,547
0,413,16,488
0,413,17,482
0,413,18,479
0,413,19,438
0,413,20,446
0,413,21,252
0,413,22,237
0,413,23,171
0,414,0,173
0,414,1,133
0,414,2,101
0,414,3,86
0,414,4,101
0,414,5,80
0,414,6,77
0,414,7,177
0,414,8,249
0,414,9,423
0,414,10,558
0,414,11,572
0,414,12,509
0,414,13,649
0,414,14,560
0,414,15,619
0,414,16,709
0,414,17,787
0,414,18,730
0,414,19,613
0,414,20,461
0,414,21,250
0,414,22,212
0,414,23,196
0,415,0,159
0,415,1,111
0,415,2,61
0,415,3,60
0,415,4,43
0,415,5,220
0,415,6,325
0,415,7,338
0,415,8,473
0,415,9,627
0,415,10,748
0,415,11,600
0,415,12,648
0,415,13,738
0,415,14,674
0,415,15,804
0,415,16,860
0,415,17,975
0,415,18,891
0,415,19,770
0,415,20,559
0,415,21,293
0,415,22,218
0,415,23,231
0,416,0,194
0,416,1,127
0,416,2,90
0,416,3,73
0,416,4,77
0,416,5,144
0,416,6,221
0,416,7,305
0,416,8,403
0,416,9,399
0,416,10,401
0,416,11,391
0,416,12,317
0,416,13,309
0,416,14,310
0,416,15,345
0,416,16,442
0,416,17,436
0,416,18,475
0,416,19,383
0,416,20,304
0,416,21,188
0,416,22,201
0,416,23,190
0,419,0,23
0,419,1,10
0,419,2,13
0,419,3,11
0,419,4,14
0,419,5,36
0,419,6,58
0,419,7,91
0,419,8,85
0,419,9,130
0,419,10,147
0,419,11,142
0,419,12,169
0,419,13,174
0,419,14,156
0,419,15,124
0,419,16,146
0,419,17,141
0,419,18,138
0,419,19,96
0,419,20,89
0,419,21,28
0,419,22,27
0,419,23,24
0,420,0,271
0,420,1,192
0,420,2,183
0,420,3,151
0,420,4,153
0,420,5,157
0,420,6,228
0,420,7,295
0,420,8,485
0,420,9,693
0,420,10,1127
0,420,11,1131
0,420,12,1375
0,420,13,1562
0,420,14,1478
0,420,15,1436
0,420,16,1529
0,420,17,1713
0,420,18,1393
0,420,19,971
0,420,20,688
0,420,21,530
0,420,22,545
0,420,23,409
0,421,0,304
0,421,1,230
0,421,2,218
0,421,3,199
0,421,4,236
0,421,5,160
0,421,6,155
0,421,7,238
0,421,8,298
0,421,9,487
0,421,10,558
0,421,11,682
0,421,12,837
0,421,13,967
0,421,14,784
0,421,15,682
0,421,16,1010
0,421,17,760
0,421,18,1061
0,421,19,869
0,421,20,706
0,421,21,320
0,421,22,422
0,421,23,262
0,426,0,24
0,426,1,14
0,426,2,3
0,426,3,2
0,426,4,6
0,426,5,16
0,426,6,26
0,426,7,37
0,426,8,44
0,426,9,104
0,426,10,146
0,426,11,164
0,426,12,196
0,426,13,207
0,426,14,207
0,426,15,215
0,426,16,200
0,426,17,220
0,426,18,187
0,426,19,174
0,426,20,130
0,426,21,70
0,426,22,52
0,426,23,28
0,427,0,40
0,427,1,39
0,427,2,24
0,427,3,25
0,427,4,20
0,427,5,43
0,427,6,67
0,427,7,101
0,427,8,234
0,427,9,224
0,427,10,272
0,427,11,318
0,427,12,426
0,427,13,415
0,427,14,368
0,427,15,368
0,427,16,443
0,427,17,429
0,427,18,420
0,427,19,379
0,427,20,372
0,427,21,87
0,427,22,74
0,427,23,56
0,430,0,73
0,430,1,61
0,430,2,49
0,430,3,56
0,430,4,63
0,430,5,54
0,430,6,40
0,430,7,55
0,430,8,139
0,430,9,128
0,430,10,183
0,430,11,220
0,430,12,313
0,430,13,306
0,430,14,369
0,430,15,383
0,430,16,326
0,430,17,372
0,430,18,291
0,430,19,294
0,430,20,281
0,430,21,135
0,430,22,124
0,430,23,117
0,432,0,28
0,432,1,21
0,432,2,19
0,432,3,25
0,432,4,16
0,432,5,91
0,432,6,52
0,432,7,75
0,432,8,113
0,432,9,204
0,432,10,232
0,432,11,315
0,432,12,298
0,432,13,309
0,432,14,271
0,432,15,329
0,432,16,353
0,432,17,375
0,432,18,325
0,432,19,251
0,432,20,245
0,432,21,53
0,432,22,42
0,432,23,33
0,433,0,82
0,433,1,64
0,433,2,47
0,433,3,42
0,433,4,42
0,433,5,123
0,433,6,91
0,433,7,169
0,433,8,263
0,433,9,419
0,433,10,478
0,433,11,530
0,433,12,570
0,433,13,594
0,433,14,609
0,433,15,578
0,433,16,541
0,433,17,591
0,433,18,530
0,433,19,440
0,433,20,383
0,433,21,152
0,433,22,123
0,433,23,99
0,445,0,86
0,445,1,53
0,445,2,53
0,445,3,46
0,445,4,42
0,445,5,65
0,445,6,183
0,445,7,270
0,445,8,307
0,445,9,304
0,445,10,452
0,445,11,536
0,445,12,647
0,445,13,604
0,445,14,535
0,445,15,566
0,445,16,626
0,445,17,604
0,445,18,561
0,445,19,399
0,445,20,385
0,445,21,177
0,445,22,143
0,445,23,92
0,446,0,27
0,446,1,9
0,446,2,35
0,446,3,13
0,446,4,9
0,446,5,47
0,446,6,34
0,446,7,37
0,446,8,65
0,446,9,42
0,446,10,42
0,446,11,61
0,446,12,73
0,446,13,114
0,446,14,83
0,446,15,136
0,446,16,144
0,446,17,106
0,446,18,61
0,446,19,81
0,446,20,67
0,446,21,24
0,446,22,24
0,446,23,18
0,452,0,22
0,452,1,13
0,452,2,10
0,452,3,4
0,452,4,3
0,452,5,40
0,452,6,94
0,452,7,153
0,452,8,226
0,452,9,481
0,452,10,758
0,452,11,952
0,452,12,1015
0,452,13,1125
0,452,14,1149
0,452,15,1200
0,452,16,1148
0,452,17,1231
0,452,18,1149
0,452,19,1002
0,452,20,1008
0,452,21,49
0,452,22,31
0,452,23,24
0,459,0,49
0,459,1,23
0,459,2,65
0,459,3,78
0,459,4,77
0,459,5,85
0,459,6,102
0,459,7,257
0,459,8,297
0,459,9,377
0,459,10,499
0,459,11,556
0,459,12,632
0,459,13,665
0,459,14,603
0,459,15,574
0,459,16,598
0,459,17,610
0,459,18,725
0,459,19,699
0,459,20,549
0,459,21,121
0,459,22,100
0,459,23,67
0,472,0,172
0,472,1,116
0,472,2,115
0,472,3,111
0,472,4,93
0,472,5,54
0,472,6,38
0,472,7,85
0,472,8,117
0,472,9,142
0,472,10,172
0,472,11,166
0,472,12,185
0,472,13,203
0,472,14,189
0,472,15,150
0,472,16,181
0,472,17,236
0,472,18,227
0,472,19,215
0,472,20,179
0,472,21,186
0,472,22,210
0,472,23,175
0,473,0,49
0,473,1,38
0,473,2,36
0,473,3,35
0,473,4,26
0,473,5,70
0,473,6,90
0,473,7,181
0,473,8,245
0,473,9,577
0,473,10,629
0,473,11,542
0,473,12,647
0,473,13,473
0,473,14,389
0,473,15,408
0,473,16,428
0,473,17,495
0,473,18,452
0,473,19,308
0,473,20,246
0,473,21,121
0,473,22,94
0,473,23,57
0,474,0,43
0,474,1,30
0,474,2,37
0,474,3,33
0,474,4,39
0,474,5,31
0,474,6,37
0,474,7,48
0,474,8,46
0,474,9,22
0,474,10,43
0,474,11,47
0,474,12,28
0,474,13,42
0,474,14,46
0,474,15,96
0,474,16,119
0,474,17,85
0,474,18,87
0,474,19,58
0,474,20,48
0,474,21,30
0,474,22,35
0,474,23,29
0,475,0,1218
0,475,1,951
0,475,2,545
0,475,3,369
0,475,4,301
0,475,5,266
0,475,6,475
0,475,7,708
0,475,8,951
0,475,9,1266
0,475,10,1391
0,475,11,1298
0,475,12,1354
0,475,13,1560
0,475,14,1697
0,475,15,1651
0,475,16,1879
0,475,17,2071
0,475,18,1913
0,475,19,1417
0,475,20,1288
0,475,21,1279
0,475,22,1317
0,475,23,1200
0,489,0,250
0,489,1,148
0,489,2,108
0,489,3,79
0,489,4,52
0,489,5,70
0,489,6,141
0,489,7,213
0,489,8,406
0,489,9,693
0,489,10,994
0,489,11,1052
0,489,12,967
0,489,13,1048
0,489,14,1024
0,489,15,1184
0,489,16,1375
0,489,17,1460
0,489,18,1361
0,489,19,1230
0,489,20,835
0,489,21,308
0,489,22,276
0,489,23,222
0,495,0,331
0,495,1,231
0,495,2,180
0,495,3,154
0,495,4,110
0,495,5,114
0,495,6,164
0,495,7,186
0,495,8,324
0,495,9,399
0,495,10,540
0,495,11,570
0,495,12,608
0,495,13,591
0,495,14,633
0,495,15,676
0,495,16,563
0,495,17,580
0,495,18,681
0,495,19,504
0,495,20,490
0,495,21,395
0,495,22,339
0,495,23,274
0,500,0,293
0,500,1,204
0,500,2,155
0,500,3,145
0,500,4,120
0,500,5,103
0,500,6,181
0,500,7,316
0,500,8,495
0,500,9,727
0,500,10,831
0,500,11,922
0,500,12,1163
0,500,13,1233
0,500,14,1327
0,500,15,1475
0,500,16,1575
0,500,17,1420
0,500,18,1439
0,500,19,1188
0,500,20,1036
0,500,21,521
0,500,22,392
0,500,23,381
0,501,0,554
0,501,1,426
0,501,2,294
0,501,3,190
0,501,4,190
0,501,5,241
0,501,6,510
0,501,7,783
0,501,8,1072
0,501,9,1170
0,501,10,1245
0,501,11,1369
0,501,12,1269
0,501,13,1265
0,501,14,1234
0,501,15,1142
0,501,16,1151
0,501,17,1468
0,501,18,1342
0,501,19,1187
0,501,20,921
0,501,21,726
0,501,22,716
0,501,23,699
0,502,0,150
0,502,1,117
0,502,2,80
0,502,3,78
0,502,4,61
0,502,5,112
0,502,6,121
0,502,7,128
0,502,8,193
0,502,9,224
0,502,10,221
0,502,11,270
0,502,12,285
0,502,13,324
0,502,14,290
0,502,15,248
0,502,16,261
0,502,17,300
0,502,18,486
0,502,19,404
0,502,20,379
0,502,21,190
0,502,22,166
0,502,23,135
0,503,0,262
0,503,1,209
0,503,2,208
0,503,3,141
0,503,4,116
0,503,5,137
0,503,6,121
0,503,7,223
0,503,8,283
0,503,9,432
0,503,10,599
0,503,11,678
0,503,12,851
0,503,13,977
0,503,14,940
0,503,15,891
0,503,16,820
0,503,17,932
0,503,18,961
0,503,19,851
0,503,20,735
0,503,21,343
0,503,22,281
0,503,23,236
0,504,0,92
0,504,1,69
0,504,2,30
0,504,3,18
0,504,4,28
0,504,5,93
0,504,6,210
0,504,7,357
0,504,8,672
0,504,9,819
0,504,10,767
0,504,11,951
0,504,12,1041
0,504,13,1089
0,504,14,1058
0,504,15,1141
0,504,16,1280
0,504,17,1220
0,504,18,1144
0,504,19,893
0,504,20,644
0,504,21,218
0,504,22,194
0,504,23,132
0,506,0,146
0,506,1,123
0,506,2,102
0,506,3,84
0,506,4,73
0,506,5,159
0,506,6,243
0,506,7,375
0,506,8,647
0,506,9,841
0,506,10,868
0,506,11,987
0,506,12,983
0,506,13,1155
0,506,14,1055
0,506,15,1131
0,506,16,1262
0,506,17,1263
0,506,18,1205
0,506,19,992
0,506,20,786
0,506,21,212
0,506,22,225
0,506,23,169
0,507,0,31
0,507,1,22
0,507,2,14
0,507,3,7
0,507,4,9
0,507,5,34
0,507,6,49
0,507,7,76
0,507,8,89
0,507,9,176
0,507,10,217
0,507,11,233
0,507,12,218
0,507,13,282
0,507,14,298
0,507,15,292
0,507,16,323
0,507,17,333
0,507,18,339
0,507,19,255
0,507,20,233
0,507,21,57
0,507,22,51
0,507,23,37
0,508,0,124
0,508,1,114
0,508,2,73
0,508,3,66
0,508,4,51
0,508,5,120
0,508,6,154
0,508,7,220
0,508,8,358
0,508,9,447
0,508,10,533
0,508,11,606
0,508,12,708
0,508,13,818
0,508,14,740
0,508,15,671
0,508,16,670
0,508,17,762
0,508,18,751
0,508,19,706
0,508,20,571
0,508,21,212
0,508,22,177
0,508,23,174
0,509,0,314
0,509,1,238
0,509,2,195
0,509,3,172
0,509,4,203
0,509,5,230
0,509,6,260
0,509,7,306
0,509,8,417
0,509,9,599
0,509,10,742
0,509,11,845
0,509,12,879
0,509,13,832
0,509,14,849
0,509,15,947
0,509,16,866
0,509,17,936
0,509,18,906
0,509,19,712
0,509,20,702
0,509,21,440
0,509,22,390
0,509,23,289
0,510,0,77
0,510,1,68
0,510,2,75
0,510,3,106
0,510,4,92
0,510,5,57
0,510,6,99
0,510,7,184
0,510,8,242
0,510,9,326
0,510,10,418
0,510,11,564
0,510,12,616
0,510,13,631
0,510,14,622
0,510,15,632
0,510,16,635
0,510,17,732
0,510,18,694
0,510,19,534
0,510,20,409
0,510,21,131
0,510,22,95
0,510,23,80
0,511,0,106
0,511,1,66
0,511,2,61
0,511,3,34
0,511,4,43
0,511,5,123
0,511,6,139
0,511,7,190
0,511,8,263
0,511,9,382
0,511,10,490
0,511,11,560
0,511,12,640
0,511,13,515
0,511,14,563
0,511,15,498
0,511,16,452
0,511,17,579
0,511,18,661
0,511,19,453
0,511,20,343
0,511,21,148
0,511,22,111
0,511,23,70
0,517,0,63
0,517,1,64
0,517,2,53
0,517,3,33
0,517,4,31
0,517,5,91
0,517,6,86
0,517,7,97
0,517,8,230
0,517,9,337
0,517,10,453
0,517,11,487
0,517,12,496
0,517,13,482
0,517,14,383
0,517,15,329
0,517,16,285
0,517,17,319
0,517,18,364
0,517,19,330
0,517,20,357
0,517,21,94
0,517,22,76
0,517,23,65
0,519,0,90
0,519,1,87
0,519,2,100
0,519,3,114
0,519,4,100
0,519,5,134
0,519,6,253
0,519,7,346
0,519,8,451
0,519,9,470
0,519,10,546
0,519,11,532
0,519,12,523
0,519,13,509
0,519,14,404
0,519,15,414
0,519,16,453
0,519,17,557
0,519,18,685
0,519,19,523
0,519,20,412
0,519,21,177
0,519,22,128
0,519,23,110
0,523,0,341
0,523,1,198
0,523,2,136
0,523,3,122
0,523,4,134
0,523,5,218
0,523,6,362
0,523,7,591
0,523,8,749
0,523,9,1041
0,523,10,1098
0,523,11,1152
0,523,12,1368
0,523,13,1590
0,523,14,1442
0,523,15,1386
0,523,16,1327
0,523,17,1377
0,523,18,1470
0,523,19,1440
0,523,20,1277
0,523,21,707
0,523,22,681
0,523,23,511
0,528,0,79
0,528,1,80
0,528,2,79
0,528,3,66
0,528,4,84
0,528,5,126
0,528,6,270
0,528,7,349
0,528,8,476
0,528,9,385
0,528,10,426
0,528,11,567
0,528,12,716
0,528,13,830
0,528,14,593
0,528,15,590
0,528,16,694
0,528,17,810
0,528,18,656
0,528,19,504
0,528,20,274
0,528,21,159
0,528,22,145
0,528,23,144
0,531,0,90
0,531,1,68
0,531,2,40
0,531,3,24
0,531,4,38
0,531,5,91
0,531,6,134
0,531,7,206
0,531,8,258
0,531,9,251
0,531,10,394
0,531,11,466
0,531,12,437
0,531,13,571
0,531,14,602
0,531,15,587
0,531,16,622
0,531,17,710
0,531,18,669
0,531,19,495
0,531,20,382
0,531,21,209
0,531,22,176
0,531,23,162
0,535,0,625
0,535,1,350
0,535,2,264
0,535,3,124
0,535,4,87
0,535,5,105
0,535,6,163
0,535,7,268
0,535,8,460
0,535,9,791
0,535,10,1139
0,535,11,1534
0,535,12,1941
0,535,13,2160
0,535,14,2307
0,535,15,2391
0,535,16,2753
0,535,17,2712
0,535,18,2410
0,535,19,1841
0,535,20,1771
0,535,21,1073
0,535,22,892
0,535,23,687
0,542,0,214
0,542,1,168
0,542,2,105
0,542,3,90
0,542,4,70
0,542,5,150
0,542,6,203
0,542,7,320
0,542,8,471
0,542,9,557
0,542,10,684
0,542,11,679
0,542,12,804
0,542,13,813
0,542,14,842
0,542,15,724
0,542,16,822
0,542,17,909
0,542,18,808
0,542,19,671
0,542,20,589
0,542,21,402
0,542,22,329
0,542,23,261
0,544,0,105
0,544,1,99
0,544,2,63
0,544,3,48
0,544,4,53
0,544,5,98
0,544,6,210
0,544,7,241
0,544,8,254
0,544,9,164
0,544,10,169
0,544,11,264
0,544,12,278
0,544,13,307
0,544,14,294
0,544,15,245
0,544,16,204
0,544,17,288
0,544,18,276
0,544,19,221
0,544,20,269
0,544,21,166
0,544,22,139
0,544,23,139
0,545,0,165
0,545,1,146
0,545,2,129
0,545,3,147
0,545,4,134
0,545,5,140
0,545,6,117
0,545,7,177
0,545,8,221
0,545,9,321
0,545,10,339
0,545,11,355
0,545,12,392
0,545,13,414
0,545,14,459
0,545,15,357
0,545,16,301
0,545,17,350
0,545,18,325
0,545,19,323
0,545,20,318
0,545,21,258
0,545,22,201
0,545,23,162
0,547,0,77
0,547,1,61
0,547,2,53
0,547,3,56
0,547,4,57
0,547,5,72
0,547,6,51
0,547,7,28
0,547,8,49
0,547,9,51
0,547,10,78
0,547,11,113
0,547,12,83
0,547,13,66
0,547,14,72
0,547,15,82
0,547,16,48
0,547,17,53
0,547,18,71
0,547,19,44
0,547,20,44
0,547,21,78
0,547,22,93
0,547,23,61
0,548,0,94
0,548,1,88
0,548,2,105
0,548,3,74
0,548,4,74
0,548,5,159
0,548,6,129
0,548,7,47
0,548,8,76
0,548,9,110
0,548,10,110
0,548,11,144
0,548,12,178
0,548,13,264
0,548,14,324
0,548,15,315
0,548,16,261
0,548,17,324
0,548,18,308
0,548,19,276
0,548,20,253
0,548,21,157
0,548,22,140
0,548,23,118
0,550,0,4
0,550,1,7
0,550,2,9
0,550,3,4
0,550,4,2
0,550,5,42
0,550,6,46
0,550,7,51
0,550,8,111
0,550,9,178
0,550,10,179
0,550,11,188
0,550,12,221
0,550,13,254
0,550,14,229
0,550,15,202
0,550,16,221
0,550,17,200
0,550,18,242
0,550,19,213
0,550,20,139
0,550,21,16
0,550,22,10
0,550,23,9
0,551,0,136
0,551,1,136
0,551,2,98
0,551,3,79
0,551,4,37
0,551,5,36
0,551,6,61
0,551,7,99
0,551,8,150
0,551,9,181
0,551,10,246
0,551,11,287
0,551,12,268
0,551,13,320
0,551,14,257
0,551,15,250
0,551,16,277
0,551,17,327
0,551,18,300
0,551,19,261
0,551,20,220
0,551,21,93
0,551,22,94
0,551,23,87
0,552,0,133
0,552,1,133
0,552,2,146
0,552,3,127
0,552,4,115
0,552,5,131
0,552,6,138
0,552,7,136
0,552,8,208
0,552,9,228
0,552,10,251
0,552,11,331
0,552,12,273
0,552,13,322
0,552,14,247
0,552,15,263
0,552,16,306
0,552,17,314
0,552,18,293
0,552,19,321
0,552,20,243
0,552,21,144
0,552,22,146
0,552,23,128
0,715,0,103
0,715,1,105
0,715,2,66
0,715,3,69
0,715,4,52
0,715,5,108
0,715,6,26
0,715,7,17
0,715,8,8
0,715,9,19
0,715,10,10
0,715,11,24
0,715,12,42
0,715,13,38
0,715,14,40
0,715,15,45
0,715,16,32
0,715,17,43
0,715,18,34
0,715,19,32
0,715,20,86
0,715,21,111
0,715,22,91
0,715,23,105
0,716,0,51
0,716,1,28
0,716,2,26
0,716,3,27
0,716,4,16
0,716,5,31
0,716,6,26
0,716,7,53
0,716,8,65
0,716,9,114
0,716,10,145
0,716,11,178
0,716,12,198
0,716,13,181
0,716,14,172
0,716,15,210
0,716,16,150
0,716,17,125
0,716,18,142
0,716,19,162
0,716,20,155
0,716,21,89
0,716,22,59
0,716,23,48
0,717,0,372
0,717,1,277
0,717,2,208
0,717,3,181
0,717,4,155
0,717,5,96
0,717,6,92
0,717,7,140
0,717,8,174
0,717,9,347
0,717,10,403
0,717,11,516
0,717,12,649
0,717,13,747
0,717,14,777
0,717,15,669
0,717,16,790
0,717,17,925
0,717,18,879
0,717,19,735
0,717,20,732
0,717,21,527
0,717,22,445
0,717,23,379
0,722,0,335
0,722,1,260
0,722,2,161
0,722,3,116
0,722,4,91
0,722,5,86
0,722,6,131
0,722,7,253
0,722,8,469
0,722,9,604
0,722,10,685
0,722,11,779
0,722,12,964
0,722,13,1135
0,722,14,1280
0,722,15,1271
0,722,16,1235
0,722,17,1444
0,722,18,1475
0,722,19,1099
0,722,20,1043
0,722,21,588
0,722,22,380
0,722,23,303
0,725,0,175
0,725,1,140
0,725,2,110
0,725,3,57
0,725,4,56
0,725,5,39
0,725,6,23
0,725,7,52
0,725,8,57
0,725,9,92
0,725,10,100
0,725,11,134
0,725,12,181
0,725,13,214
0,725,14,183
0,725,15,172
0,725,16,212
0,725,17,184
0,725,18,176
0,725,19,159
0,725,20,157
0,725,21,178
0,725,22,159
0,725,23,166
0,789,0,310
0,789,1,230
0,789,2,209
0,789,3,149
0,789,4,121
0,789,5,142
0,789,6,201
0,789,7,291
0,789,8,336
0,789,9,473
0,789,10,606
0,789,11,711
0,789,12,871
0,789,13,902
0,789,14,918
0,789,15,910
0,789,16,913
0,789,17,928
0,789,18,981
0,789,19,855
0,789,20,782
0,789,21,364
0,789,22,379
0,789,23,264
0,790,0,86
0,790,1,66
0,790,2,62
0,790,3,46
0,790,4,48
0,790,5,65
0,790,6,43
0,790,7,63
0,790,8,64
0,790,9,111
0,790,10,162
0,790,11,197
0,790,12,190
0,790,13,203
0,790,14,191
0,790,15,209
0,790,16,187
0,790,17,204
0,790,18,191
0,790,19,97
0,790,20,166
0,790,21,126
0,790,22,100
0,790,23,103
0,791,0,11
0,791,1,8
0,791,2,7
0,791,3,9
0,791,4,7
0,791,5,58
0,791,6,108
0,791,7,116
0,791,8,188
0,791,9,201
0,791,10,195
0,791,11,213
0,791,12,309
0,791,13,302
0,791,14,311
0,791,15,383
0,791,16,301
0,791,17,314
0,791,18,328
0,791,19,182
0,791,20,177
0,791,21,32
0,791,22,24
0,791,23,24
0,794,0,78
0,794,1,85
0,794,2,61
0,794,3,36
0,794,4,21
0,794,5,45
0,794,6,73
0,794,7,116
0,794,8,129
0,794,9,196
0,794,10,253
0,794,11,283
0,794,12,288
0,794,13,340
0,794,14,350
0,794,15,345
0,794,16,368
0,794,17,428
0,794,18,425
0,794,19,366
0,794,20,314
0,794,21,131
0,794,22,112
0,794,23,86
0,827,0,223
0,827,1,203
0,827,2,203
0,827,3,178
0,827,4,180
0,827,5,154
0,827,6,48
0,827,7,88
0,827,8,207
0,827,9,360
0,827,10,337
0,827,11,341
0,827,12,325
0,827,13,242
0,827,14,211
0,827,15,263
0,827,16,266
0,827,17,270
0,827,18,289
0,827,19,264
0,827,20,290
0,827,21,272
0,827,22,280
0,827,23,246
0,828,0,70
0,828,1,73
0,828,2,53
0,828,3,56
0,828,4,38
0,828,5,127
0,828,6,189
0,828,7,195
0,828,8,232
0,828,9,258
0,828,10,291
0,828,11,254
0,828,12,312
0,828,13,325
0,828,14,303
0,828,15,273
0,828,16,263
0,828,17,313
0,828,18,304
0,828,19,255
0,828,20,218
0,828,21,79
0,828,22,94
0,828,23,90
0,838,0,127
0,838,1,110
0,838,2,108
0,838,3,111
0,838,4,76
0,838,5,169
0,838,6,406
0,838,7,631
0,838,8,852
0,838,9,1159
0,838,10,1235
0,838,11,993
0,838,12,1058
0,838,13,1019
0,838,14,980
0,838,15,905
0,838,16,867
0,838,17,1094
0,838,18,1157
0,838,19,794
0,838,20,651
0,838,21,234
0,838,22,206
0,838,23,166
0,845,0,221
0,845,1,181
0,845,2,197
0,845,3,149
0,845,4,105
0,845,5,98
0,845,6,94
0,845,7,103
0,845,8,166
0,845,9,256
0,845,10,374
0,845,11,568
0,845,12,601
0,845,13,518
0,845,14,418
0,845,15,385
0,845,16,455
0,845,17,478
0,845,18,507
0,845,19,432
0,845,20,527
0,845,21,265
0,845,22,253
0,845,23,192
0,846,0,346
0,846,1,242
0,846,2,180
0,846,3,172
0,846,4,106
0,846,5,153
0,846,6,125
0,846,7,143
0,846,8,249
0,846,9,400
0,846,10,498
0,846,11,498
0,846,12,643
0,846,13,684
0,846,14,704
0,846,15,684
0,846,16,599
0,846,17,741
0,846,18,855
0,846,19,806
0,846,20,623
0,846,21,276
0,846,22,303
0,846,23,271
0,869,0,52
0,869,1,21
0,869,2,76
0,869,3,79
0,869,4,82
0,869,5,92
0,869,6,97
0,869,7,264
0,869,8,282
0,869,9,392
0,869,10,484
0,869,11,559
0,869,12,621
0,869,13,693
0,869,14,614
0,869,15,561
0,869,16,592
0,869,17,599
0,869,18,715
0,869,19,708
0,869,20,532
0,869,21,128
0,869,22,116
0,869,23,82
0,891,0,509
0,891,1,463
0,891,2,376
0,891,3,328
0,891,4,246
0,891,5,167
0,891,6,265
0,891,7,505
0,891,8,554
0,891,9,801
0,891,10,827
0,891,11,822
0,891,12,1039
0,891,13,1121
0,891,14,975
0,891,15,1036
0,891,16,1091
0,891,17,1100
0,891,18,1023
0,891,19,732
0,891,20,706
0,891,21,484
0,891,22,464
0,891,23,367
0,893,0,8
0,893,1,4
0,893,2,4
0,893,3,3
0,893,4,7
0,893,5,32
0,893,6,27
0,893,7,33
0,893,8,26
0,893,9,22
0,893,10,46
0,893,11,20
0,893,12,12
0,893,13,23
0,893,14,41
0,893,15,64
0,893,16,55
0,893,17,45
0,893,18,22
0,893,19,19
0,893,20,31
0,893,21,2
0,893,22,6
0,893,23,4
0,899,0,2244
0,899,1,1404
0,899,2,929
0,899,3,445
0,899,4,276
0,899,5,325
0,899,6,496
0,899,7,692
0,899,8,997
0,899,9,1127
0,899,10,1902
0,899,11,2094
0,899,12,2583
0,899,13,2453
0,899,14,2623
0,899,15,2975
0,899,16,3701
0,899,17,3532
0,899,18,3302
0,899,19,3110
0,899,20,3232
0,899,21,3118
0,899,22,3093
0,899,23,2952
0,928,0,55
0,928,1,40
0,928,2,54
0,928,3,43
0,928,4,44
0,928,5,35
0,928,6,83
0,928,7,102
0,928,8,91
0,928,9,122
0,928,10,150
0,928,11,174
0,928,12,233
0,928,13,241
0,928,14,215
0,928,15,239
0,928,16,227
0,928,17,281
0,928,18,303
0,928,19,249
0,928,20,158
0,928,21,61
0,928,22,58
0,928,23,70
0,985,0,146
0,985,1,96
0,985,2,72
0,985,3,54
0,985,4,49
0,985,5,84
0,985,6,112
0,985,7,197
0,985,8,341
0,985,9,548
0,985,10,793
0,985,11,975
0,985,12,1053
0,985,13,1326
0,985,14,1182
0,985,15,1100
0,985,16,1124
0,985,17,1002
0,985,18,991
0,985,19,782
0,985,20,565
0,985,21,192
0,985,22,250
0,985,23,172
0,988,0,63
0,988,1,46
0,988,2,57
0,988,3,55
0,988,4,64
0,988,5,38
0,988,6,34
0,988,7,56
0,988,8,55
0,988,9,84
0,988,10,112
0,988,11,186
0,988,12,286
0,988,13,354
0,988,14,335
0,988,15,369
0,988,16,322
0,988,17,346
0,988,18,436
0,988,19,260
0,988,20,221
0,988,21,70
0,988,22,65
0,988,23,62
0,1028,0,215
0,1028,1,129
0,1028,2,121
0,1028,3,94
0,1028,4,73
0,1028,5,90
0,1028,6,113
0,1028,7,172
0,1028,8,266
0,1028,9,400
0,1028,10,506
0,1028,11,576
0,1028,12,656
0,1028,13,662
0,1028,14,688
0,1028,15,696
0,1028,16,510
0,1028,17,512
0,1028,18,534
0,1028,19,536
0,1028,20,490
0,1028,21,353
0,1028,22,330
0,1028,23,261
1,163,0,72
1,163,1,42
1,163,2,19
1,163,3,16
1,163,4,15
1,163,5,377
1,163,6,1278
1,163,7,2510
1,163,8,4101
1,163,9,3758
1,163,10,3219
1,163,11,3695
1,163,12,4790
1,163,13,5011
1,163,14,5237
1,163,15,5165
1,163,16,5100
1,163,17,5308
1,163,18,4582
1,163,19,3467
1,163,20,2325
1,163,21,406
1,163,22,217
1,163,23,90
1,165,0,215
1,165,1,249
1,165,2,195
1,165,3,182
1,165,4,180
1,165,5,496
1,165,6,999
1,165,7,1082
1,165,8,1270
1,165,9,1191
1,165,10,883
1,165,11,634
1,165,12,703
1,165,13,872
1,165,14,705
1,165,15,844
1,165,16,948
1,165,17,1023
1,165,18,1142
1,165,19,808
1,165,20,783
1,165,21,461
1,165,22,382
1,165,23,290
1,166,0,172
1,166,1,107
1,166,2,77
1,166,3,72
1,166,4,80
1,166,5,117
1,166,6,319
1,166,7,396
1,166,8,540
1,166,9,556
1,166,10,506
1,166,11,557
1,166,12,631
1,166,13,684
1,166,14,717
1,166,15,1013
1,166,16,1127
1,166,17,956
1,166,18,732
1,166,19,669
1,166,20,643
1,166,21,295
1,166,22,267
1,166,23,204
1,168,0,385
1,168,1,212
1,168,2,158
1,168,3,71
1,168,4,163
1,168,5,568
1,168,6,1091
1,168,7,1652
1,168,8,2753
1,168,9,2854
1,168,10,2506
1,168,11,2667
1,168,12,3719
1,168,13,3905
1,168,14,3641
1,168,15,3583
1,168,16,3939
1,168,17,4743
1,168,18,4712
1,168,19,4564
1,168,20,4240
1,168,21,1015
1,168,22,928
1,168,23,586
1,169,0,338
1,169,1,112
1,169,2,104
1,169,3,48
1,169,4,75
1,169,5,365
1,169,6,1216
1,169,7,2775
1,169,8,4592
1,169,9,4588
1,169,10,4090
1,169,11,3965
1,169,12,4805
1,169,13,5056
1,169,14,4656
1,169,15,4755
1,169,16,5217
1,169,17,5665
1,169,18,5418
1,169,19,4512
1,169,20,3532
1,169,21,1479
1,169,22,1239
1,169,23,857
1,170,0,1266
1,170,1,777
1,170,2,555
1,170,3,462
1,170,4,444
1,170,5,773
1,170,6,1865
1,170,7,3646
1,170,8,6142
1,170,9,5469
1,170,10,4839
1,170,11,4685
1,170,12,5821
1,170,13,5991
1,170,14,6664
1,170,15,7340
1,170,16,7017
1,170,17,7696
1,170,18,7596
1,170,19,6012
1,170,20,5398
1,170,21,3581
1,170,22,3066
1,170,23,2108
1,171,0,415
1,171,1,309
1,171,2,229
1,171,3,300
1,171,4,312
1,171,5,844
1,171,6,1791
1,171,7,2896
1,171,8,4204
1,171,9,4073
1,171,10,3556
1,171,11,3544
1,171,12,4534
1,171,13,4824
1,171,14,4580
1,171,15,4571
1,171,16,4514
1,171,17,5381
1,171,18,5155
1,171,19,4010
1,171,20,2865
1,171,21,1212
1,171,22,984
1,171,23,798
1,172,0,167
1,172,1,97
1,172,2,79
1,172,3,69
1,172,4,71
1,172,5,175
1,172,6,283
1,172,7,382
1,172,8,649
1,172,9,973
1,172,10,991
1,172,11,986
1,172,12,1220
1,172,13,1416
1,172,14,1435
1,172,15,1402
1,172,16,1321
1,172,17,1327
1,172,18,1708
1,172,19,1618
1,172,20,1753
1,172,21,641
1,172,22,422
1,172,23,315
1,173,0,576
1,173,1,348
1,173,2,297
1,173,3,334
1,173,4,322
1,173,5,566
1,173,6,1285
1,173,7,2046
1,173,8,2288
1,173,9,2387
1,173,10,2112
1,173,11,2070
1,173,12,2119
1,173,13,2458
1,173,14,2755
1,173,15,2893
1,173,16,2952
1,173,17,3158
1,173,18,2947
1,173,19,2214
1,173,20,2298
1,173,21,975
1,173,22,773
1,173,23,648
1,175,0,22
1,175,1,17
1,175,2,13
1,175,3,13
1,175,4,23
1,175,5,299
1,175,6,642
1,175,7,925
1,175,8,1363
1,175,9,1730
1,175,10,1929
1,175,11,2190
1,175,12,2029
1,175,13,2077
1,175,14,2006
1,175,15,1888
1,175,16,1858
1,175,17,2113
1,175,18,2237
1,175,19,1966
1,175,20,1685
1,175,21,95
1,175,22,59
1,175,23,57
1,176,0,157
1,176,1,156
1,176,2,169
1,176,3,144
1,176,4,147
1,176,5,199
1,176,6,639
1,176,7,853
1,176,8,948
1,176,9,836
1,176,10,672
1,176,11,653
1,176,12,553
1,176,13,714
1,176,14,704
1,176,15,803
1,176,16,921
1,176,17,915
1,176,18,751
1,176,19,572
1,176,20,487
1,176,21,248
1,176,22,215
1,176,23,189
1,179,0,674
1,179,1,524
1,179,2,431
1,179,3,439
1,179,4,503
1,179,5,823
1,179,6,1223
1,179,7,1563
1,179,8,2409
1,179,9,2745
1,179,10,2428
1,179,11,2960
1,179,12,3567
1,179,13,3847
1,179,14,3795
1,179,15,3879
1,179,16,3850
1,179,17,4203
1,179,18,4242
1,179,19,3325
1,179,20,3000
1,179,21,1948
1,179,22,1633
1,179,23,1125
1,180,0,863
1,180,1,502
1,180,2,363
1,180,3,267
1,180,4,315
1,180,5,1078
1,180,6,2822
1,180,7,4117
1,180,8,4863
1,180,9,4217
1,180,10,4036
1,180,11,4318
1,180,12,5287
1,180,13,5432
1,180,14,5138
1,180,15,5464
1,180,16,5243
1,180,17,5479
1,180,18,5176
1,180,19,4001
1,180,20,3314
1,180,21,1768
1,180,22,1744
1,180,23,1242
1,181,0,2769
1,181,1,1880
1,181,2,887
1,181,3,655
1,181,4,747
1,181,5,1394
1,181,6,2975
1,181,7,5036
1,181,8,5853
1,181,9,6895
1,181,10,5014
1,181,11,5307
1,181,12,6418
1,181,13,6682
1,181,14,6851
1,181,15,7001
1,181,16,6631
1,181,17,6294
1,181,18,6162
1,181,19,5406
1,181,20,4402
1,181,21,2794
1,181,22,3023
1,181,23,3339
1,182,0,85
1,182,1,74
1,182,2,83
1,182,3,54
1,182,4,62
1,182,5,116
1,182,6,177
1,182,7,260
1,182,8,315
1,182,9,254
1,182,10,212
1,182,11,241
1,182,12,307
1,182,13,261
1,182,14,400
1,182,15,406
1,182,16,310
1,182,17,370
1,182,18,351
1,182,19,271
1,182,20,223
1,182,21,112
1,182,22,92
1,182,23,87
1,187,0,513
1,187,1,449
1,187,2,321
1,187,3,188
1,187,4,203
1,187,5,241
1,187,6,681
1,187,7,1577
1,187,8,2523
1,187,9,2893
1,187,10,2986
1,187,11,3213
1,187,12,3434
1,187,13,3387
1,187,14,3840
1,187,15,3943
1,187,16,3113
1,187,17,2678
1,187,18,2026
1,187,19,1264
1,187,20,798
1,187,21,642
1,187,22,663
1,187,23,506
1,192,0,231
1,192,1,154
1,192,2,135
1,192,3,122
1,192,4,149
1,192,5,271
1,192,6,415
1,192,7,837
1,192,8,1253
1,192,9,1436
1,192,10,1301
1,192,11,1396
1,192,12,1603
1,192,13,1546
1,192,14,1491
1,192,15,1368
1,192,16,1424
1,192,17,1685
1,192,18,1716
1,192,19,1370
1,192,20,1102
1,192,21,549
1,192,22,446
1,192,23,371
1,211,0,139
1,211,1,78
1,211,2,74
1,211,3,124
1,211,4,118
1,211,5,143
1,211,6,142
1,211,7,268
1,211,8,168
1,211,9,205
1,211,10,128
1,211,11,144
1,211,12,163
1,211,13,184
1,211,14,160
1,211,15,194
1,211,16,202
1,211,17,257
1,211,18,256
1,211,19,157
1,211,20,144
1,211,21,217
1,211,22,171
1,211,23,174
1,253,0,98
1,253,1,80
1,253,2,72
1,253,3,72
1,253,4,52
1,253,5,85
1,253,6,170
1,253,7,343
1,253,8,333
1,253,9,215
1,253,10,251
1,253,11,338
1,253,12,328
1,253,13,255
1,253,14,260
1,253,15,250
1,253,16,304
1,253,17,338
1,253,18,427
1,253,19,385
1,253,20,272
1,253,21,88
1,253,22,118
1,253,23,113
1,287,0,142
1,287,1,113
1,287,2,119
1,287,3,108
1,287,4,95
1,287,5,436
1,287,6,671
1,287,7,846
1,287,8,1086
1,287,9,1024
1,287,10,884
1,287,11,1052
1,287,12,1018
1,287,13,1056
1,287,14,1107
1,287,15,1105
1,287,16,1441
1,287,17,1430
1,287,18,1277
1,287,19,911
1,287,20,644
1,287,21,112
1,287,22,83
1,287,23,99
1,292,0,226
1,292,1,183
1,292,2,201
1,292,3,166
1,292,4,185
1,292,5,243
1,292,6,321
1,292,7,283
1,292,8,307
1,292,9,291
1,292,10,187
1,292,11,182
1,292,12,361
1,292,13,522
1,292,14,309
1,292,15,292
1,292,16,328
1,292,17,345
1,292,18,297
1,292,19,406
1,292,20,421
1,292,21,295
1,292,22,381
1,292,23,449
1,326,0,222
1,326,1,189
1,326,2,168
1,326,3,186
1,326,4,167
1,326,5,221
1,326,6,516
1,326,7,830
1,326,8,939
1,326,9,951
1,326,10,989
1,326,11,1027
1,326,12,992
1,326,13,972
1,326,14,1055
1,326,15,1092
1,326,16,994
1,326,17,999
1,326,18,1000
1,326,19,780
1,326,20,787
1,326,21,299
1,326,22,320
1,326,23,298
1,330,0,52
1,330,1,54
1,330,2,33
1,330,3,27
1,330,4,58
1,330,5,179
1,330,6,304
1,330,7,686
1,330,8,1543
1,330,9,1990
1,330,10,1752
1,330,11,2064
1,330,12,2477
1,330,13,2545
1,330,14,2278
1,330,15,2048
1,330,16,1774
1,330,17,1629
1,330,18,1340
1,330,19,1051
1,330,20,936
1,330,21,223
1,330,22,141
1,330,23,133
1,338,0,637
1,338,1,508
1,338,2,494
1,338,3,290
1,338,4,315
1,338,5,352
1,338,6,550
1,338,7,1034
1,338,8,1261
1,338,9,1143
1,338,10,985
1,338,11,1116
1,338,12,2011
1,338,13,2142
1,338,14,1682
1,338,15,1521
1,338,16,1885
1,338,17,2236
1,338,18,1907
1,338,19,1128
1,338,20,1146
1,338,21,721
1,338,22,692
1,338,23,630
1,339,0,237
1,339,1,162
1,339,2,124
1,339,3,139
1,339,4,143
1,339,5,159
1,339,6,472
1,339,7,820
1,339,8,1352
1,339,9,1237
1,339,10,949
1,339,11,1153
1,339,12,2121
1,339,13,2263
1,339,14,1580
1,339,15,1487
1,339,16,1738
1,339,17,2164
1,339,18,1550
1,339,19,1118
1,339,20,948
1,339,21,454
1,339,22,315
1,339,23,280
1,347,0,446
1,347,1,329
1,347,2,261
1,347,3,285
1,347,4,319
1,347,5,808
1,347,6,1816
1,347,7,2926
1,347,8,4075
1,347,9,4040
1,347,10,3569
1,347,11,3563
1,347,12,4499
1,347,13,4743
1,347,14,4589
1,347,15,4592
1,347,16,4457
1,347,17,5322
1,347,18,5043
1,347,19,4182
1,347,20,2810
1,347,21,1118
1,347,22,981
1,347,23,801
1,351,0,369
1,351,1,267
1,351,2,237
1,351,3,222
1,351,4,215
1,351,5,550
1,351,6,1305
1,351,7,2235
1,351,8,3135
1,351,9,3150
1,351,10,2362
1,351,11,2699
1,351,12,3063
1,351,13,3137
1,351,14,3210
1,351,15,3487
1,351,16,3761
1,351,17,4021
1,351,18,3505
1,351,19,2515
1,351,20,1802
1,351,21,753
1,351,22,620
1,351,23,417
1,361,0,270
1,361,1,248
1,361,2,220
1,361,3,232
1,361,4,263
1,361,5,499
1,361,6,1048
1,361,7,2135
1,361,8,2289
1,361,9,2381
1,361,10,2149
1,361,11,2142
1,361,12,2622
1,361,13,2428
1,361,14,2441
1,361,15,2507
1,361,16,2890
1,361,17,2531
1,361,18,2050
1,361,19,1802
1,361,20,1648
1,361,21,580
1,361,22,531
1,361,23,458
1,398,0,411
1,398,1,206
1,398,2,154
1,398,3,115
1,398,4,128
1,398,5,467
1,398,6,1589
1,398,7,2960
1,398,8,4730
1,398,9,4189
1,398,10,2747
1,398,11,2854
1,398,12,4079
1,398,13,4269
1,398,14,3790
1,398,15,3658
1,398,16,4223
1,398,17,4830
1,398,18,4470
1,398,19,3207
1,398,20,2340
1,398,21,1056
1,398,22,890
1,398,23,650
1,399,0,246
1,399,1,169
1,399,2,174
1,399,3,192
1,399,4,194
1,399,5,141
1,399,6,209
1,399,7,473
1,399,8,539
1,399,9,385
1,399,10,394
1,399,11,482
1,399,12,783
1,399,13,805
1,399,14,772
1,399,15,761
1,399,16,666
1,399,17,783
1,399,18,855
1,399,19,679
1,399,20,405
1,399,21,303
1,399,22,304
1,399,23,247
1,400,0,188
1,400,1,195
1,400,2,188
1,400,3,165
1,400,4,178
1,400,5,416
1,400,6,719
1,400,7,661
1,400,8,940
1,400,9,903
1,400,10,716
1,400,11,779
1,400,12,1086
1,400,13,1065
1,400,14,986
1,400,15,937
1,400,16,1261
1,400,17,1533
1,400,18,1413
1,400,19,1007
1,400,20,801
1,400,21,424
1,400,22,350
1,400,23,259
1,403,0,320
1,403,1,240
1,403,2,142
1,403,3,98
1,403,4,126
1,403,5,255
1,403,6,847
1,403,7,1119
1,403,8,1381
1,403,9,1125
1,403,10,934
1,403,11,1078
1,403,12,1585
1,403,13,1661
1,403,14,1717
1,403,15,1790
1,403,16,1766
1,403,17,2011
1,403,18,2083
1,403,19,1674
1,403,20,1676
1,403,21,917
1,403,22,751
1,403,23,533
1,404,0,260
1,404,1,225
1,404,2,207
1,404,3,215
1,404,4,280
1,404,5,496
1,404,6,1005
1,404,7,1207
1,404,8,1593
1,404,9,1593
1,404,10,1422
1,404,11,1412
1,404,12,1715
1,404,13,2087
1,404,14,2006
1,404,15,1851
1,404,16,1873
1,404,17,2032
1,404,18,2159
1,404,19,1729
1,404,20,1258
1,404,21,431
1,404,22,326
1,404,23,275
1,406,0,218
1,406,1,150
1,406,2,73
1,406,3,58
1,406,4,81
1,406,5,170
1,406,6,630
1,406,7,1432
1,406,8,2638
1,406,9,2443
1,406,10,2001
1,406,11,2163
1,406,12,3216
1,406,13,3285
1,406,14,2716
1,406,15,2706
1,406,16,2716
1,406,17,3164
1,406,18,2915
1,406,19,2081
1,406,20,1709
1,406,21,801
1,406,22,736
1,406,23,431
1,407,0,668
1,407,1,643
1,407,2,688
1,407,3,711
1,407,4,683
1,407,5,462
1,407,6,424
1,407,7,521
1,407,8,731
1,407,9,826
1,407,10,881
1,407,11,1106
1,407,12,1280
1,407,13,1185
1,407,14,1314
1,407,15,1110
1,407,16,1072
1,407,17,1116
1,407,18,1078
1,407,19,775
1,407,20,631
1,407,21,552
1,407,22,492
1,407,23,550
1,409,0,264
1,409,1,149
1,409,2,128
1,409,3,91
1,409,4,117
1,409,5,638
1,409,6,900
1,409,7,1350
1,409,8,2531
1,409,9,2627
1,409,10,2701
1,409,11,3349
1,409,12,4102
1,409,13,4095
1,409,14,4118
1,409,15,4214
1,409,16,4045
1,409,17,4065
1,409,18,3959
1,409,19,3026
1,409,20,2291
1,409,21,605
1,409,22,439
1,409,23,321
1,410,0,119
1,410,1,80
1,410,2,79
1,410,3,81
1,410,4,86
1,410,5,171
1,410,6,254
1,410,7,443
1,410,8,847
1,410,9,693
1,410,10,369
1,410,11,447
1,410,12,739
1,410,13,865
1,410,14,715
1,410,15,707
1,410,16,639
1,410,17,888
1,410,18,1045
1,410,19,754
1,410,20,733
1,410,21,438
1,410,22,480
1,410,23,294
1,412,0,91
1,412,1,63
1,412,2,62
1,412,3,35
1,412,4,36
1,412,5,103
1,412,6,229
1,412,7,418
1,412,8,697
1,412,9,654
1,412,10,342
1,412,11,216
1,412,12,314
1,412,13,410
1,412,14,480
1,412,15,560
1,412,16,523
1,412,17,697
1,412,18,717
1,412,19,378
1,412,20,295
1,412,21,204
1,412,22,172
1,412,23,146
1,413,0,397
1,413,1,272
1,413,2,249
1,413,3,273
1,413,4,298
1,413,5,547
1,413,6,1153
1,413,7,1738
1,413,8,2649
1,413,9,2327
1,413,10,1766
1,413,11,1770
1,413,12,2286
1,413,13,2265
1,413,14,2283
1,413,15,2274
1,413,16,2390
1,413,17,2814
1,413,18,2354
1,413,19,1794
1,413,20,1611
1,413,21,950
1,413,22,869
1,413,23,660
1,414,0,452
1,414,1,370
1,414,2,301
1,414,3,252
1,414,4,232
1,414,5,410
1,414,6,664
1,414,7,1035
1,414,8,1205
1,414,9,1493
1,414,10,1441
1,414,11,1625
1,414,12,1998
1,414,13,1925
1,414,14,1901
1,414,15,2240
1,414,16,2239
1,414,17,2544
1,414,18,2526
1,414,19,2133
1,414,20,1987
1,414,21,902
1,414,22,681
1,414,23,503
1,415,0,530
1,415,1,234
1,415,2,160
1,415,3,127
1,415,4,156
1,415,5,809
1,415,6,1647
1,415,7,2532
1,415,8,3683
1,415,9,3434
1,415,10,3161
1,415,11,3390
1,415,12,3702
1,415,13,4099
1,415,14,4152
1,415,15,4606
1,415,16,4583
1,415,17,4690
1,415,18,4172
1,415,19,3259
1,415,20,2642
1,415,21,1186
1,415,22,1052
1,415,23,812
1,416,0,442
1,416,1,359
1,416,2,231
1,416,3,200
1,416,4,301
1,416,5,597
1,416,6,798
1,416,7,1055
1,416,8,1312
1,416,9,830
1,416,10,780
1,416,11,906
1,416,12,898
1,416,13,877
1,416,14,830
1,416,15,961
1,416,16,1241
1,416,17,1175
1,416,18,1404
1,416,19,1294
1,416,20,978
1,416,21,690
1,416,22,653
1,416,23,601
1,419,0,123
1,419,1,119
1,419,2,59
1,419,3,90
1,419,4,71
1,419,5,219
1,419,6,612
1,419,7,934
1,419,8,1068
1,419,9,1138
1,419,10,1022
1,419,11,944
1,419,12,1252
1,419,13,1253
1,419,14,1196
1,419,15,1170
1,419,16,1126
1,419,17,1233
1,419,18,1160
1,419,19,972
1,419,20,660
1,419,21,209
1,419,22,175
1,419,23,174
1,420,0,593
1,420,1,499
1,420,2,439
1,420,3,386
1,420,4,346
1,420,5,558
1,420,6,1136
1,420,7,1707
1,420,8,2214
1,420,9,2039
1,420,10,1708
1,420,11,1812
1,420,12,2057
1,420,13,2356
1,420,14,2200
1,420,15,2273
1,420,16,2791
1,420,17,3480
1,420,18,3361
1,420,19,2437
1,420,20,1944
1,420,21,995
1,420,22,1020
1,420,23,836
1,421,0,712
1,421,1,563
1,421,2,504
1,421,3,548
1,421,4,561
1,421,5,620
1,421,6,994
1,421,7,1480
1,421,8,2322
1,421,9,2158
1,421,10,1572
1,421,11,1610
1,421,12,2180
1,421,13,2576
1,421,14,2538
1,421,15,2382
1,421,16,2698
1,421,17,2954
1,421,18,3196
1,421,19,2578
1,421,20,2187
1,421,21,1496
1,421,22,1225
1,421,23,867
1,426,0,51
1,426,1,30
1,426,2,17
1,426,3,17
1,426,4,22
1,426,5,83
1,426,6,155
1,426,7,423
1,426,8,466
1,426,9,650
1,426,10,616
1,426,11,701
1,426,12,686
1,426,13,749
1,426,14,743
1,426,15,752
1,426,16,769
1,426,17,933
1,426,18,857
1,426,19,517
1,426,20,473
1,426,21,299
1,426,22,156
1,426,23,104
1,427,0,111
1,427,1,84
1,427,2,48
1,427,3,52
1,427,4,71
1,427,5,146
1,427,6,345
1,427,7,517
1,427,8,986
1,427,9,910
1,427,10,832
1,427,11,880
1,427,12,939
1,427,13,1093
1,427,14,1064
1,427,15,1036
1,427,16,1149
1,427,17,1270
1,427,18,1174
1,427,19,953
1,427,20,870
1,427,21,249
1,427,22,182
1,427,23,146
1,430,0,197
1,430,1,177
1,430,2,141
1,430,3,146
1,430,4,124
1,430,5,280
1,430,6,317
1,430,7,357
1,430,8,429
1,430,9,512
1,430,10,440
1,430,11,469
1,430,12,861
1,430,13,980
1,430,14,886
1,430,15,878
1,430,16,777
1,430,17,886
1,430,18,880
1,430,19,828
1,430,20,969
1,430,21,517
1,430,22,436
1,430,23,318
1,432,0,92
1,432,1,62
1,432,2,52
1,432,3,53
1,432,4,63
1,432,5,348
1,432,6,868
1,432,7,1229
1,432,8,2238
1,432,9,2583
1,432,10,2179
1,432,11,2011
1,432,12,2800
1,432,13,3361
1,432,14,2393
1,432,15,1917
1,432,16,1760
1,432,17,1376
1,432,18,1026
1,432,19,879
1,432,20,806
1,432,21,201
1,432,22,187
1,432,23,135
1,433,0,136
1,433,1,99
1,433,2,94
1,433,3,66
1,433,4,90
1,433,5,365
1,433,6,360
1,433,7,924
1,433,8,1686
1,433,9,1955
1,433,10,1837
1,433,11,1857
1,433,12,1979
1,433,13,1935
1,433,14,1965
1,433,15,2007
1,433,16,1949
1,433,17,2091
1,433,18,2035
1,433,19,1428
1,433,20,1275
1,433,21,467
1,433,22,357
1,433,23,237
1,445,0,212
1,445,1,124
1,445,2,112
1,445,3,106
1,445,4,138
1,445,5,510
1,445,6,1081
1,445,7,2142
1,445,8,2934
1,445,9,2812
1,445,10,2325
1,445,11,2602
1,445,12,3461
1,445,13,4025
1,445,14,3565
1,445,15,3453
1,445,16,3635
1,445,17,3771
1,445,18,3165
1,445,19,2057
1,445,20,1764
1,445,21,519
1,445,22,410
1,445,23,293
1,446,0,97
1,446,1,69
1,446,2,49
1,446,3,54
1,446,4,40
1,446,5,58
1,446,6,68
1,446,7,93
1,446,8,208
1,446,9,114
1,446,10,90
1,446,11,78
1,446,12,79
1,446,13,138
1,446,14,136
1,446,15,234
1,446,16,146
1,446,17,96
1,446,18,138
1,446,19,59
1,446,20,93
1,446,21,75
1,446,22,120
1,446,23,103
1,452,0,43
1,452,1,26
1,452,2,8
1,452,3,22
1,452,4,9
1,452,5,111
1,452,6,300
1,452,7,415
1,452,8,599
1,452,9,744
1,452,10,1158
1,452,11,1644
1,452,12,1958
1,452,13,2030
1,452,14,2201
1,452,15,2112
1,452,16,2062
1,452,17,1980
1,452,18,1937
1,452,19,1650
1,452,20,1650
1,452,21,126
1,452,22,93
1,452,23,75
1,459,0,157
1,459,1,46
1,459,2,308
1,459,3,285
1,459,4,285
1,459,5,262
1,459,6,293
1,459,7,714
1,459,8,1325
1,459,9,1417
1,459,10,1336
1,459,11,1324
1,459,12,1466
1,459,13,1465
1,459,14,1583
1,459,15,1537
1,459,16,1790
1,459,17,1946
1,459,18,2083
1,459,19,1524
1,459,20,1381
1,459,21,371
1,459,22,292
1,459,23,192
1,472,0,351
1,472,1,266
1,472,2,238
1,472,3,207
1,472,4,263
1,472,5,334
1,472,6,370
1,472,7,586
1,472,8,873
1,472,9,812
1,472,10,713
1,472,11,647
1,472,12,743
1,472,13,706
1,472,14,658
1,472,15,598
1,472,16,664
1,472,17,843
1,472,18,898
1,472,19,829
1,472,20,799
1,472,21,589
1,472,22,553
1,472,23,513
1,473,0,144
1,473,1,101
1,473,2,64
1,473,3,79
1,473,4,94
1,473,5,173
1,473,6,427
1,473,7,748
1,473,8,997
1,473,9,1021
1,473,10,844
1,473,11,732
1,473,12,940
1,473,13,1135
1,473,14,1129
1,473,15,1222
1,473,16,1169
1,473,17,1364
1,473,18,1336
1,473,19,998
1,473,20,863
1,473,21,380
1,473,22,293
1,473,23,233
1,474,0,111
1,474,1,103
1,474,2,138
1,474,3,131
1,474,4,108
1,474,5,93
1,474,6,135
1,474,7,271
1,474,8,264
1,474,9,307
1,474,10,323
1,474,11,294
1,474,12,311
1,474,13,248
1,474,14,278
1,474,15,310
1,474,16,226
1,474,17,265
1,474,18,272
1,474,19,213
1,474,20,200
1,474,21,127
1,474,22,100
1,474,23,86
1,475,0,2450
1,475,1,1493
1,475,2,810
1,475,3,571
1,475,4,466
1,475,5,1077
1,475,6,2287
1,475,7,3413
1,475,8,4396
1,475,9,4952
1,475,10,3842
1,475,11,3749
1,475,12,4452
1,475,13,4811
1,475,14,5628
1,475,15,5505
1,475,16,5772
1,475,17,6023
1,475,18,5176
1,475,19,3916
1,475,20,3740
1,475,21,3249
1,475,22,3358
1,475,23,3148
1,489,0,418
1,489,1,328
1,489,2,242
1,489,3,288
1,489,4,326
1,489,5,796
1,489,6,1761
1,489,7,2986
1,489,8,4173
1,489,9,4139
1,489,10,3547
1,489,11,3541
1,489,12,4542
1,489,13,4783
1,489,14,4560
1,489,15,4584
1,489,16,4479
1,489,17,5375
1,489,18,5120
1,489,19,4020
1,489,20,2830
1,489,21,1188
1,489,22,1008
1,489,23,804
1,495,0,618
1,495,1,454
1,495,2,285
1,495,3,214
1,495,4,219
1,495,5,417
1,495,6,868
1,495,7,1353
1,495,8,1962
1,495,9,1932
1,495,10,1669
1,495,11,1905
1,495,12,2330
1,495,13,2436
1,495,14,2234
1,495,15,2510
1,495,16,2458
1,495,17,2520
1,495,18,2746
1,495,19,2240
1,495,20,2112
1,495,21,1399
1,495,22,1194
1,495,23,999
1,500,0,640
1,500,1,439
1,500,2,300
1,500,3,250
1,500,4,316
1,500,5,478
1,500,6,1101
1,500,7,1866
1,500,8,3052
1,500,9,3112
1,500,10,2740
1,500,11,2838
1,500,12,3386
1,500,13,3671
1,500,14,4197
1,500,15,4771
1,500,16,4806
1,500,17,4721
1,500,18,4795
1,500,19,3807
1,500,20,3606
1,500,21,1658
1,500,22,1329
1,500,23,1026
1,501,0,1584
1,501,1,943
1,501,2,715
1,501,3,461
1,501,4,582
1,501,5,1551
1,501,6,4513
1,501,7,6331
1,501,8,7281
1,501,9,6367
1,501,10,5655
1,501,11,5669
1,501,12,6135
1,501,13,6070
1,501,14,5805
1,501,15,6016
1,501,16,6423
1,501,17,6516
1,501,18,6132
1,501,19,4759
1,501,20,3918
1,501,21,2708
1,501,22,2365
1,501,23,1894
1,502,0,281
1,502,1,208
1,502,2,156
1,502,3,123
1,502,4,97
1,502,5,365
1,502,6,518
1,502,7,672
1,502,8,960
1,502,9,912
1,502,10,667
1,502,11,750
1,502,12,973
1,502,13,997
1,502,14,906
1,502,15,856
1,502,16,881
1,502,17,983
1,502,18,1357
1,502,19,1342
1,502,20,1145
1,502,21,636
1,502,22,546
1,502,23,374
1,503,0,463
1,503,1,286
1,503,2,247
1,503,3,190
1,503,4,197
1,503,5,544
1,503,6,954
1,503,7,1360
1,503,8,2049
1,503,9,2137
1,503,10,2030
1,503,11,2161
1,503,12,2635
1,503,13,3160
1,503,14,3026
1,503,15,2928
1,503,16,2983
1,503,17,3147
1,503,18,3186
1,503,19,2736
1,503,20,2499
1,503,21,1117
1,503,22,865
1,503,23,679
1,504,0,267
1,504,1,147
1,504,2,61
1,504,3,59
1,504,4,72
1,504,5,460
1,504,6,1281
1,504,7,2170
1,504,8,3337
1,504,9,3423
1,504,10,2645
1,504,11,3208
1,504,12,3901
1,504,13,3778
1,504,14,3608
1,504,15,3869
1,504,16,3742
1,504,17,4036
1,504,18,3845
1,504,19,2939
1,504,20,2412
1,504,21,922
1,504,22,721
1,504,23,502
1,506,0,304
1,506,1,208
1,506,2,215
1,506,3,168
1,506,4,156
1,506,5,734
1,506,6,1809
1,506,7,2396
1,506,8,3064
1,506,9,3419
1,506,10,3019
1,506,11,3040
1,506,12,3280
1,506,13,3373
1,506,14,3447
1,506,15,3834
1,506,16,3746
1,506,17,3574
1,506,18,3714
1,506,19,3284
1,506,20,2485
1,506,21,657
1,506,22,633
1,506,23,485
1,507,0,65
1,507,1,46
1,507,2,26
1,507,3,23
1,507,4,22
1,507,5,164
1,507,6,400
1,507,7,567
1,507,8,830
1,507,9,861
1,507,10,693
1,507,11,667
1,507,12,749
1,507,13,978
1,507,14,890
1,507,15,915
1,507,16,876
1,507,17,1078
1,507,18,1261
1,507,19,963
1,507,20,901
1,507,21,185
1,507,22,138
1,507,23,100
1,508,0,309
1,508,1,223
1,508,2,132
1,508,3,104
1,508,4,120
1,508,5,439
1,508,6,1021
1,508,7,1443
1,508,8,2332
1,508,9,1886
1,508,10,1656
1,508,11,1764
1,508,12,2133
1,508,13,2531
1,508,14,2397
1,508,15,2219
1,508,16,2056
1,508,17,2393
1,508,18,2385
1,508,19,2082
1,508,20,1965
1,508,21,727
1,508,22,565
1,508,23,473
1,509,0,753
1,509,1,590
1,509,2,428
1,509,3,403
1,509,4,447
1,509,5,726
1,509,6,1241
1,509,7,1661
1,509,8,2439
1,509,9,2549
1,509,10,2279
1,509,11,2515
1,509,12,2949
1,509,13,3164
1,509,14,3064
1,509,15,3275
1,509,16,3271
1,509,17,3225
1,509,18,3349
1,509,19,2759
1,509,20,2795
1,509,21,1637
1,509,22,1402
1,509,23,966
1,510,0,160
1,510,1,134
1,510,2,134
1,510,3,168
1,510,4,161
1,510,5,303
1,510,6,641
1,510,7,1188
1,510,8,1936
1,510,9,1992
1,510,10,1647
1,510,11,1779
1,510,12,2220
1,510,13,2420
1,510,14,2413
1,510,15,2276
1,510,16,2420
1,510,17,2671
1,510,18,2983
1,510,19,2260
1,510,20,1807
1,510,21,477
1,510,22,379
1,510,23,242
1,511,0,156
1,511,1,98
1,511,2,71
1,511,3,41
1,511,4,43
1,511,5,379
1,511,6,781
1,511,7,1269
1,511,8,1906
1,511,9,1970
1,511,10,1639
1,511,11,1629
1,511,12,2077
1,511,13,2180
1,511,14,1971
1,511,15,1996
1,511,16,1958
1,511,17,2320
1,511,18,2587
1,511,19,1894
1,511,20,1744
1,511,21,646
1,511,22,459
1,511,23,303
1,517,0,202
1,517,1,137
1,517,2,126
1,517,3,148
1,517,4,141
1,517,5,275
1,517,6,375
1,517,7,566
1,517,8,1200
1,517,9,1338
1,517,10,1420
1,517,11,1369
1,517,12,1284
1,517,13,1307
1,517,14,1283
1,517,15,1120
1,517,16,1166
1,517,17,1259
1,517,18,1266
1,517,19,1132
1,517,20,1116
1,517,21,394
1,517,22,292
1,517,23,265
1,519,0,278
1,519,1,239
1,519,2,312
1,519,3,286
1,519,4,281
1,519,5,363
1,519,6,777
1,519,7,1087
1,519,8,1491
1,519,9,1497
1,519,10,1217
1,519,11,1169
1,519,12,1333
1,519,13,1427
1,519,14,1215
1,519,15,1269
1,519,16,1443
1,519,17,1638
1,519,18,1713
1,519,19,1502
1,519,20,1202
1,519,21,522
1,519,22,366
1,519,23,284
1,523,0,1017
1,523,1,524
1,523,2,408
1,523,3,290
1,523,4,302
1,523,5,1011
1,523,6,2337
1,523,7,4440
1,523,8,6176
1,523,9,5746
1,523,10,4373
1,523,11,4917
1,523,12,6003
1,523,13,5961
1,523,14,5707
1,523,15,5670
1,523,16,5235
1,523,17,5167
1,523,18,4960
1,523,19,4673
1,523,20,3852
1,523,21,2170
1,523,22,1895
1,523,23,1476
1,528,0,250
1,528,1,176
1,528,2,175
1,528,3,180
1,528,4,164
1,528,5,500
1,528,6,1551
1,528,7,2835
1,528,8,4085
1,528,9,3369
1,528,10,2094
1,528,11,2987
1,528,12,4389
1,528,13,4593
1,528,14,3577
1,528,15,3289
1,528,16,3353
1,528,17,3875
1,528,18,3280
1,528,19,1989
1,528,20,1188
1,528,21,505
1,528,22,473
1,528,23,287
1,531,0,221
1,531,1,131
1,531,2,80
1,531,3,73
1,531,4,69
1,531,5,338
1,531,6,856
1,531,7,1361
1,531,8,2091
1,531,9,2039
1,531,10,1584
1,531,11,1877
1,531,12,2837
1,531,13,2997
1,531,14,2725
1,531,15,2710
1,531,16,2433
1,531,17,2858
1,531,18,2973
1,531,19,2148
1,531,20,1898
1,531,21,808
1,531,22,622
1,531,23,383
1,535,0,915
1,535,1,474
1,535,2,269
1,535,3,214
1,535,4,163
1,535,5,561
1,535,6,1387
1,535,7,2115
1,535,8,3348
1,535,9,3823
1,535,10,3467
1,535,11,4088
1,535,12,5599
1,535,13,6582
1,535,14,7060
1,535,15,6593
1,535,16,7011
1,535,17,7114
1,535,18,7090
1,535,19,6057
1,535,20,5177
1,535,21,3053
1,535,22,2548
1,535,23,1801
1,542,0,486
1,542,1,323
1,542,2,250
1,542,3,300
1,542,4,329
1,542,5,451
1,542,6,1397
1,542,7,2236
1,542,8,3183
1,542,9,2496
1,542,10,2033
1,542,11,2181
1,542,12,2716
1,542,13,3080
1,542,14,3143
1,542,15,3110
1,542,16,3110
1,542,17,3641
1,542,18,3478
1,542,19,2903
1,542,20,2652
1,542,21,1821
1,542,22,1450
1,542,23,845
1,544,0,305
1,544,1,245
1,544,2,195
1,544,3,154
1,544,4,152
1,544,5,447
1,544,6,667
1,544,7,779
1,544,8,828
1,544,9,719
1,544,10,611
1,544,11,671
1,544,12,786
1,544,13,740
1,544,14,724
1,544,15,647
1,544,16,613
1,544,17,717
1,544,18,678
1,544,19,592
1,544,20,626
1,544,21,401
1,544,22,314
1,544,23,303
1,545,0,555
1,545,1,501
1,545,2,484
1,545,3,451
1,545,4,463
1,545,5,441
1,545,6,491
1,545,7,557
1,545,8,667
1,545,9,856
1,545,10,868
1,545,11,998
1,545,12,1008
1,545,13,1049
1,545,14,1148
1,545,15,1019
1,545,16,1013
1,545,17,1034
1,545,18,1039
1,545,19,905
1,545,20,1029
1,545,21,738
1,545,22,588
1,545,23,544
1,547,0,211
1,547,1,198
1,547,2,157
1,547,3,144
1,547,4,179
1,547,5,162
1,547,6,165
1,547,7,174
1,547,8,106
1,547,9,106
1,547,10,136
1,547,11,175
1,547,12,185
1,547,13,162
1,547,14,185
1,547,15,214
1,547,16,174
1,547,17,189
1,547,18,258
1,547,19,194
1,547,20,254
1,547,21,295
1,547,22,293
1,547,23,272
1,548,0,323
1,548,1,274
1,548,2,216
1,548,3,233
1,548,4,229
1,548,5,572
1,548,6,555
1,548,7,291
1,548,8,357
1,548,9,436
1,548,10,387
1,548,11,414
1,548,12,528
1,548,13,655
1,548,14,727
1,548,15,720
1,548,16,581
1,548,17,661
1,548,18,717
1,548,19,694
1,548,20,832
1,548,21,482
1,548,22,465
1,548,23,427
1,550,0,15
1,550,1,12
1,550,2,14
1,550,3,10
1,550,4,11
1,550,5,179
1,550,6,360
1,550,7,771
1,550,8,1624
1,550,9,2091
1,550,10,1365
1,550,11,1065
1,550,12,1558
1,550,13,1859
1,550,14,1664
1,550,15,1572
1,550,16,1769
1,550,17,2339
1,550,18,2236
1,550,19,1597
1,550,20,1162
1,550,21,96
1,550,22,97
1,550,23,25
1,551,0,135
1,551,1,138
1,551,2,78
1,551,3,81
1,551,4,87
1,551,5,162
1,551,6,495
1,551,7,986
1,551,8,1488
1,551,9,1341
1,551,10,1224
1,551,11,1331
1,551,12,1581
1,551,13,1765
1,551,14,1490
1,551,15,1372
1,551,16,1696
1,551,17,2042
1,551,18,1893
1,551,19,1541
1,551,20,1151
1,551,21,453
1,551,22,410
1,551,23,325
1,552,0,304
1,552,1,264
1,552,2,298
1,552,3,303
1,552,4,321
1,552,5,469
1,552,6,738
1,552,7,978
1,552,8,1361
1,552,9,1152
1,552,10,903
1,552,11,1143
1,552,12,1168
1,552,13,1180
1,552,14,975
1,552,15,1068
1,552,16,989
1,552,17,1274
1,552,18,1185
1,552,19,785
1,552,20,766
1,552,21,422
1,552,22,393
1,552,23,341
1,715,0,267
1,715,1,238
1,715,2,207
1,715,3,176
1,715,4,239
1,715,5,327
1,715,6,79
1,715,7,61
1,715,8,63
1,715,9,62
1,715,10,60
1,715,11,63
1,715,12,97
1,715,13,118
1,715,14,85
1,715,15,138
1,715,16,104
1,715,17,86
1,715,18,80
1,715,19,105
1,715,20,340
1,715,21,299
1,715,22,307
1,715,23,316
1,716,0,136
1,716,1,83
1,716,2,102
1,716,3,83
1,716,4,72
1,716,5,242
1,716,6,609
1,716,7,1987
1,716,8,2217
1,716,9,2577
1,716,10,1646
1,716,11,1194
1,716,12,2048
1,716,13,2050
1,716,14,1626
1,716,15,1433
1,716,16,1459
1,716,17,1721
1,716,18,1700
1,716,19,862
1,716,20,876
1,716,21,391
1,716,22,289
1,716,23,237
1,717,0,774
1,717,1,565
1,717,2,537
1,717,3,418
1,717,4,352
1,717,5,295
1,717,6,452
1,717,7,864
1,717,8,1331
1,717,9,1452
1,717,10,1231
1,717,11,1432
1,717,12,2175
1,717,13,2241
1,717,14,2078
1,717,15,1896
1,717,16,2043
1,717,17,2567
1,717,18,3064
1,717,19,2215
1,717,20,2389
1,717,21,1723
1,717,22,1390
1,717,23,1133
1,722,0,523
1,722,1,299
1,722,2,203
1,722,3,244
1,722,4,224
1,722,5,425
1,722,6,1095
1,722,7,1739
1,722,8,2475
1,722,9,3011
1,722,10,2741
1,722,11,2619
1,722,12,3163
1,722,13,3553
1,722,14,3588
1,722,15,3622
1,722,16,3766
1,722,17,3892
1,722,18,4238
1,722,19,3419
1,722,20,3243
1,722,21,1671
1,722,22,1262
1,722,23,919
1,725,0,311
1,725,1,185
1,725,2,162
1,725,3,95
1,725,4,102
1,725,5,150
1,725,6,299
1,725,7,489
1,725,8,704
1,725,9,791
1,725,10,627
1,725,11,684
1,725,12,1015
1,725,13,1033
1,725,14,859
1,725,15,919
1,725,16,870
1,725,17,966
1,725,18,954
1,725,19,593
1,725,20,683
1,725,21,549
1,725,22,521
1,725,23,469
1,789,0,578
1,789,1,439
1,789,2,318
1,789,3,246
1,789,4,170
1,789,5,400
1,789,6,1294
1,789,7,2023
1,789,8,2247
1,789,9,2231
1,789,10,2027
1,789,11,2145
1,789,12,2591
1,789,13,2811
1,789,14,2888
1,789,15,2912
1,789,16,2900
1,789,17,2938
1,789,18,2970
1,789,19,2754
1,789,20,2431
1,789,21,1214
1,789,22,1117
1,789,23,897
1,790,0,143
1,790,1,95
1,790,2,74
1,790,3,84
1,790,4,73
1,790,5,163
1,790,6,226
1,790,7,531
1,790,8,665
1,790,9,476
1,790,10,467
1,790,11,564
1,790,12,664
1,790,13,651
1,790,14,749
1,790,15,714
1,790,16,706
1,790,17,677
1,790,18,564
1,790,19,499
1,790,20,688
1,790,21,394
1,790,22,358
1,790,23,244
1,791,0,43
1,791,1,34
1,791,2,16
1,791,3,18
1,791,4,20
1,791,5,147
1,791,6,367
1,791,7,732
1,791,8,1176
1,791,9,842
1,791,10,776
1,791,11,905
1,791,12,845
1,791,13,927
1,791,14,1094
1,791,15,1266
1,791,16,1255
1,791,17,1042
1,791,18,919
1,791,19,775
1,791,20,755
1,791,21,81
1,791,22,79
1,791,23,51
1,794,0,184
1,794,1,134
1,794,2,126
1,794,3,95
1,794,4,79
1,794,5,200
1,794,6,489
1,794,7,1026
1,794,8,1288
1,794,9,1170
1,794,10,1067
1,794,11,1065
1,794,12,1370
1,794,13,1412
1,794,14,1338
1,794,15,1576
1,794,16,1644
1,794,17,1636
1,794,18,1698
1,794,19,1447
1,794,20,1285
1,794,21,585
1,794,22,609
1,794,23,342
1,827,0,591
1,827,1,473
1,827,2,449
1,827,3,446
1,827,4,454
1,827,5,517
1,827,6,625
1,827,7,678
1,827,8,965
1,827,9,881
1,827,10,834
1,827,11,871
1,827,12,1020
1,827,13,920
1,827,14,854
1,827,15,979
1,827,16,866
1,827,17,958
1,827,18,924
1,827,19,915
1,827,20,1159
1,827,21,902
1,827,22,810
1,827,23,792
1,828,0,162
1,828,1,107
1,828,2,120
1,828,3,133
1,828,4,129
1,828,5,300
1,828,6,528
1,828,7,638
1,828,8,845
1,828,9,969
1,828,10,918
1,828,11,946
1,828,12,1244
1,828,13,1288
1,828,14,1199
1,828,15,1212
1,828,16,1126
1,828,17,1228
1,828,18,1131
1,828,19,944
1,828,20,737
1,828,21,291
1,828,22,243
1,828,23,221
1,838,0,476
1,838,1,382
1,838,2,270
1,838,3,237
1,838,4,246
1,838,5,500
1,838,6,1324
1,838,7,2142
1,838,8,3481
1,838,9,3731
1,838,10,3637
1,838,11,2970
1,838,12,2993
1,838,13,3287
1,838,14,3080
1,838,15,2968
1,838,16,3225
1,838,17,3474
1,838,18,3530
1,838,19,2772
1,838,20,2259
1,838,21,833
1,838,22,715
1,838,23,583
1,845,0,407
1,845,1,278
1,845,2,234
1,845,3,178
1,845,4,166
1,845,5,305
1,845,6,576
1,845,7,817
1,845,8,1567
1,845,9,1294
1,845,10,1092
1,845,11,1044
1,845,12,1314
1,845,13,1179
1,845,14,1266
1,845,15,1224
1,845,16,1411
1,845,17,1583
1,845,18,1700
1,845,19,1596
1,845,20,1713
1,845,21,883
1,845,22,869
1,845,23,629
1,846,0,519
1,846,1,329
1,846,2,252
1,846,3,172
1,846,4,173
1,846,5,319
1,846,6,826
1,846,7,1041
1,846,8,1965
1,846,9,1893
1,846,10,1749
1,846,11,1565
1,846,12,2338
1,846,13,2311
1,846,14,2302
1,846,15,2338
1,846,16,2395
1,846,17,2608
1,846,18,2974
1,846,19,2663
1,846,20,2452
1,846,21,1107
1,846,22,1055
1,846,23,866
1,869,0,129
1,869,1,43
1,869,2,322
1,869,3,266
1,869,4,289
1,869,5,269
1,869,6,282
1,869,7,730
1,869,8,1340
1,869,9,1401
1,869,10,1324
1,869,11,1349
1,869,12,1428
1,869,13,1476
1,869,14,1541
1,869,15,1546
1,869,16,1772
1,869,17,1961
1,869,18,2122
1,869,19,1536
1,869,20,1399
1,869,21,357
1,869,22,309
1,869,23,201
1,891,0,989
1,891,1,925
1,891,2,666
1,891,3,293
1,891,4,275
1,891,5,629
1,891,6,1961
1,891,7,3486
1,891,8,3842
1,891,9,3491
1,891,10,2969
1,891,11,3434
1,891,12,3763
1,891,13,4075
1,891,14,4165
1,891,15,4348
1,891,16,4160
1,891,17,4191
1,891,18,3720
1,891,19,3025
1,891,20,2293
1,891,21,1804
1,891,22,1777
1,891,23,1174
1,893,0,11
1,893,1,10
1,893,2,5
1,893,3,3
1,893,4,3
1,893,5,112
1,893,6,114
1,893,7,124
1,893,8,144
1,893,9,142
1,893,10,118
1,893,11,53
1,893,12,63
1,893,13,59
1,893,14,69
1,893,15,70
1,893,16,130
1,893,17,165
1,893,18,84
1,893,19,68
1,893,20,105
1,893,21,30
1,893,22,23
1,893,23,32
1,899,0,4645
1,899,1,2660
1,899,2,1390
1,899,3,846
1,899,4,828
1,899,5,1327
1,899,6,2623
1,899,7,4391
1,899,8,5759
1,899,9,5905
1,899,10,5221
1,899,11,5728
1,899,12,7671
1,899,13,7623
1,899,14,8522
1,899,15,9322
1,899,16,9440
1,899,17,9899
1,899,18,9621
1,899,19,8665
1,899,20,8993
1,899,21,8415
1,899,22,8745
1,899,23,7261
1,928,0,209
1,928,1,176
1,928,2,172
1,928,3,126
1,928,4,124
1,928,5,175
1,928,6,367
1,928,7,633
1,928,8,772
1,928,9,671
1,928,10,494
1,928,11,545
1,928,12,731
1,928,13,729
1,928,14,799
1,928,15,848
1,928,16,896
1,928,17,982
1,928,18,1136
1,928,19,1035
1,928,20,811
1,928,21,344
1,928,22,286
1,928,23,238
1,985,0,382
1,985,1,208
1,985,2,127
1,985,3,113
1,985,4,138
1,985,5,535
1,985,6,1273
1,985,7,2171
1,985,8,3519
1,985,9,2847
1,985,10,2623
1,985,11,2933
1,985,12,3477
1,985,13,3831
1,985,14,3835
1,985,15,3747
1,985,16,3941
1,985,17,3658
1,985,18,3037
1,985,19,2003
1,985,20,1603
1,985,21,557
1,985,22,513
1,985,23,449
1,988,0,181
1,988,1,155
1,988,2,210
1,988,3,190
1,988,4,185
1,988,5,125
1,988,6,198
1,988,7,221
1,988,8,346
1,988,9,499
1,988,10,461
1,988,11,491
1,988,12,749
1,988,13,871
1,988,14,947
1,988,15,985
1,988,16,928
1,988,17,917
1,988,18,1072
1,988,19,842
1,988,20,679
1,988,21,233
1,988,22,225
1,988,23,188
1,1028,0,567
1,1028,1,308
1,1028,2,247
1,1028,3,177
1,1028,4,195
1,1028,5,314
1,1028,6,677
1,1028,7,1033
1,1028,8,1480
1,1028,9,1520
1,1028,10,1353
1,1028,11,1605
1,1028,12,1777
1,1028,13,1935
1,1028,14,1956
1,1028,15,2125
1,1028,16,1801
1,1028,17,1778
1,1028,18,1815
1,1028,19,1695
1,1028,20,1694
1,1028,21,1025
1,1028,22,886
1,1028,23,766
